Solvent_SMILES,Solvent_name,n_class_i,n_class_j,max_10_sim_i,max_10_sim_j
CC1(C)COC(=O)C1O,(D)-PANTOLACTONE,9999.0,9999.0,9999.0,9999.0
CC(=O)OCC(COC(C)=O)OC(C)=O,"1,2,3-PROPANETRIOL, TRIACETATE",9999.0,9999.0,9999.0,9999.0
COC(=O)c1ccccc1C(=O)OC,"1,2-BENZENEDICARBOXYLIC ACID, DIMETHYL ESTER",9999.0,9999.0,9999.0,9999.0
CC(=O)OCCOC(C)=O,"1,2-ETHANEDIOL, DIACETATE",9999.0,9999.0,9999.0,9999.0
OCCO,"1,2-ETHANEDIOL",9999.0,9999.0,9999.0,9999.0
OCC(O)COCC(O)CO,"1,2-PROPANEDIOL, 3,3'-OXYDI",9999.0,9999.0,9999.0,9999.0
OCC(O)CCl,"1,2-PROPANEDIOL, 3-CHLORO",9999.0,9999.0,9999.0,9999.0
CC(O)CO,"1,2-PROPANEDIOL",9999.0,9999.0,9999.0,9999.0
Cc1nnc(C)o1,"1,3,4-OXADIAZOLE, 2,5-DIMETHYL",9999.0,9999.0,9999.0,9999.0
CCCCCCOC(=O)c1cccc(C(=O)OCCCCCC)c1,"1,3-BENZENEDICARBOXYLIC ACID, DIHEXYL ESTER",9999.0,9999.0,9999.0,9999.0
C=CC(=C)C,"1,3-BUTADIENE, 2-METHYL",9999.0,9999.0,9999.0,9999.0
C=CC=C,"1,3-BUTADIENE",9999.0,9999.0,9999.0,9999.0
O=C1OCC(CCl)O1,"1,3-DIOXOLAN-2-ONE, 4-CHLOROMETHYL",9999.0,9999.0,9999.0,9999.0
CC1COC(=O)O1,"1,3-DIOXOLAN-2-ONE, 4-METHYL",9999.0,9999.0,9999.0,9999.0
O=C1OCCO1,"1,3-DIOXOLAN-2-ONE",9999.0,9999.0,9999.0,9999.0
CCC(CO)(CO)CO,"1,3-PROPANEDIOL, 2-ETHYL, 2-HYDROXYMETHYL",9999.0,9999.0,9999.0,9999.0
CC(=O)OCCCOC(C)=O,"1,3-PROPANEDIOL, DIACETATE",9999.0,9999.0,9999.0,9999.0
OCCCO,"1,3-PROPANEDIOL",9999.0,9999.0,9999.0,9999.0
CCCCOC(=O)c1c(Cl)c(Cl)c(OC(=O)CCCOC(=O)c2c(Cl)c(Cl)c(C(=O)OCCCC)c(Cl)c2Cl)c(Cl)c1Cl,"1,4-BENZENEDICARBOXYLIC ACID, 2,3,5,6-TETRACHLORO, 1,3-PROPANEDIYL DIBUTYL ESTER",9999.0,9999.0,9999.0,9999.0
CCCOC(=O)c1c(Cl)c(Cl)c(OC(=O)CCCOC(=O)c2c(Cl)c(Cl)c(C(=O)OCCC)c(Cl)c2Cl)c(Cl)c1Cl,"1,4-BENZENEDICARBOXYLIC ACID, 2,3,5,6-TETRACHLORO, 1,3-PROPANEDIYL DIPROPYL ESTER",9999.0,9999.0,9999.0,9999.0
CCCCCCOC(=O)c1ccc(C(=O)OCCCCCC)cc1,"1,4-BENZENEDICARBOXYLIC ACID, DIHEXYL ESTER",9999.0,9999.0,9999.0,9999.0
CCCCOC(=O)c1c(Cl)c(Cl)c(C(=O)OCCCC)c(Cl)c1Cl,"1,4-BENZENEDICARBOXYLIC ACID, TETRACHLORO, DIBUTYL ESTER",9999.0,9999.0,9999.0,9999.0
CCCCCOC(=O)c1c(Cl)c(Cl)c(C(=O)OCCCCC)c(Cl)c1Cl,"1,4-BENZENEDICARBOXYLIC ACID, TETRACHLORO, DIPENTYL ESTER",9999.0,9999.0,9999.0,9999.0
CCCOC(=O)c1c(Cl)c(Cl)c(Cl)c(Cl)c1C(=O)OCCC,"1,4-BENZENEDICARBOXYLIC ACID, TETRACHLORO, DIPROPYL ESTER",9999.0,9999.0,9999.0,9999.0
COCC1(C)COc2ccc(C)cc2S1,"1,4-BENZOXATHIIN, 2,3-DIHYDRO-3-(METHOXYMETHYL)-3,6-DIMETHYL",9999.0,9999.0,9999.0,9999.0
OCCCCO,"1,4-BUTANEDIOL",9999.0,9999.0,9999.0,9999.0
O=C1COCCO1,"1,4-DIOXAN-2-ONE",9999.0,9999.0,9999.0,9999.0
C1COCCO1,"1,4-DIOXANE",9999.0,9999.0,9999.0,9999.0
O=S1CCOCC1,"1,4-OXATHIANE, 4-OXIDE",9999.0,9999.0,9999.0,9999.0
OCCCCCO,"1,5-PENTANEDIOL",9999.0,9999.0,9999.0,9999.0
C=CCCCC=C,"1,6-HEPTADIENE",9999.0,9999.0,9999.0,9999.0
OCCCCCCO,"1,6-HEXANEDIOL",9999.0,9999.0,9999.0,9999.0
SCCCCCCS,"1,6-HEXANEDITHIOL",9999.0,9999.0,9999.0,9999.0
OCCCCCCCCCO,"1,9-NONANEDIOL",9999.0,9999.0,9999.0,9999.0
COC(=O)N1CC1,"1-AZIRIDINECARBOXYLIC ACID, METHYL ESTER",9999.0,9999.0,9999.0,9999.0
CCC(C)CO,"1-BUTANOL, 2-METHYL",9999.0,9999.0,9999.0,9999.0
CC(C)CCO,"1-BUTANOL, 3-METHYL",9999.0,9999.0,9999.0,9999.0
CCCCO,1-BUTANOL,9999.0,9999.0,9999.0,9999.0
CCCC(=O)c1ccccc1,"1-BUTANONE, 1-PHENYL",9999.0,9999.0,9999.0,9999.0
C=CCC,1-BUTENE,9999.0,9999.0,9999.0,9999.0
N#CC1=CCCCC1,"1-CYCLOHEXENE-1-CARBOXYLIC ACID, NITRILE",9999.0,9999.0,9999.0,9999.0
CCCCCCCCCCO,1-DECANOL,9999.0,9999.0,9999.0,9999.0
C=CCCCCCCCC,1-DECENE,9999.0,9999.0,9999.0,9999.0
CCCCCCCCCCCCCCCCCCCCCCO,1-DOCOSANOL,9999.0,9999.0,9999.0,9999.0
CCCCCCCCCCCCO,1-DODECANOL,9999.0,9999.0,9999.0,9999.0
C=CCCCCCCCCCCCCCCCCCC,1-EICOSENE,9999.0,9999.0,9999.0,9999.0
OCC(F)(F)C(F)(F)C(F)(F)C(F)(F)C(F)(F)C(F)(F)F,"1-HEPTANOL, 2,2,3,3,4,4,5,5,6,6,7,7,7-TRIDECAFLUORO",9999.0,9999.0,9999.0,9999.0
OCC(F)(F)C(F)(F)C(F)(F)C(F)(F)C(F)(F)C(F)F,"1-HEPTANOL, 2,2,3,3,4,4,5,5,6,6,7,7-DODECAFLUORO",9999.0,9999.0,9999.0,9999.0
CCCCCCCO,1-HEPTANOL,9999.0,9999.0,9999.0,9999.0
C=CCCCCC,1-HEPTENE,9999.0,9999.0,9999.0,9999.0
C#CCCCCC,1-HEPTYNE,9999.0,9999.0,9999.0,9999.0
CCCCCCCCCCCCCCCCO,1-HEXADECANOL,9999.0,9999.0,9999.0,9999.0
C=CCCCCCCCCCCCCCC,1-HEXADECENE,9999.0,9999.0,9999.0,9999.0
CCCCCCO,1-HEXANOL,9999.0,9999.0,9999.0,9999.0
C=CCCCC,1-HEXENE,9999.0,9999.0,9999.0,9999.0
C#CCCCC,1-HEXYNE,9999.0,9999.0,9999.0,9999.0
O=Cc1cccc2ccccc12,1-NAPHTHALDEHYDE,9999.0,9999.0,9999.0,9999.0
CCCCCCCCCO,1-NONANOL,9999.0,9999.0,9999.0,9999.0
C=CCCCCCCC,1-NONENE,9999.0,9999.0,9999.0,9999.0
CCCCCCCCCCCCCCCCCCO,1-OCTADECANOL,9999.0,9999.0,9999.0,9999.0
C=CCCCCCCCCCCCCCCCC,1-OCTADECENE,9999.0,9999.0,9999.0,9999.0
CCCCCCCCO,1-OCTANOL,9999.0,9999.0,9999.0,9999.0
C=CCCCCCC,1-OCTENE,9999.0,9999.0,9999.0,9999.0
C#CCCCCCC,1-OCTYNE,9999.0,9999.0,9999.0,9999.0
OCC(F)(F)C(F)(F)C(F)(F)C(F)(F)F,"1-PENTANOL, 2,2,3,3,4,4,5,5,5-NONAFLUORO",9999.0,9999.0,9999.0,9999.0
OCC(F)(F)C(F)(F)C(F)(F)C(F)F,"1-PENTANOL, 2,2,3,3,4,4,5,5-OCTAFLUORO",9999.0,9999.0,9999.0,9999.0
CCCCCO,1-PENTANOL,9999.0,9999.0,9999.0,9999.0
C=C(C)CCC,"1-PENTENE, 2-METHYL",9999.0,9999.0,9999.0,9999.0
C=CCCC,1-PENTENE,9999.0,9999.0,9999.0,9999.0
O=S1(=O)CCCO1,"1-PROPANESULFONIC ACID, 3-HYDROXY, GAMMA-SULTONE",9999.0,9999.0,9999.0,9999.0
OCC(F)(F)C(F)F,"1-PROPANOL, 2,2,3,3-TETRAFLUORO",9999.0,9999.0,9999.0,9999.0
CC(C)CO,"1-PROPANOL, 2-METHYL",9999.0,9999.0,9999.0,9999.0
CCCO,1-PROPANOL,9999.0,9999.0,9999.0,9999.0
CCC(=O)c1ccccc1,"1-PROPANONE, 1-PHENYL",9999.0,9999.0,9999.0,9999.0
O=CN1CCCC1,1-PYRROLIDINECARBOXALDEHYDE,9999.0,9999.0,9999.0,9999.0
COC(=O)N1CCCC1,"1-PYRROLIDINECARBOXYLIC ACID, METHYL ESTER",9999.0,9999.0,9999.0,9999.0
CCCCCCCCCCCCCCO,1-TETRADECANOL,9999.0,9999.0,9999.0,9999.0
CCCCCCCCCC(=O)CCCCCCCCC,10-NONADECANONE,9999.0,9999.0,9999.0,9999.0
CC(=O)C(C)=O,"2,3-BUTANEDIONE",9999.0,9999.0,9999.0,9999.0
CCC(=O)CC(C)=O,"2,4-HEXANEDIONE",9999.0,9999.0,9999.0,9999.0
CC(=O)CC(C)=O,"2,4-PENTANEDIONE",9999.0,9999.0,9999.0,9999.0
CCOC(=O)c1ccc(C(=O)OCC)o1,"2,5-FURANDICARBOXYLIC ACID, DIETHYL ESTER",9999.0,9999.0,9999.0,9999.0
CC(=O)CCC(C)=O,"2,5-HEXANEDIONE",9999.0,9999.0,9999.0,9999.0
CC(=O)CCCC(C)=O,"2,6-HEPTANEDIONE",9999.0,9999.0,9999.0,9999.0
CC(=O)CCCCC(C)=O,"2,7-OCTANEDIONE",9999.0,9999.0,9999.0,9999.0
CCC(O)C[N+](=O)[O-],"2-BUTANOL, 1-NITRO",9999.0,9999.0,9999.0,9999.0
CCC(C)(C)O,"2-BUTANOL, 2-METHYL",9999.0,9999.0,9999.0,9999.0
CC(O)C(C)(C)[N+](=O)[O-],"2-BUTANOL, 3-METHYL, 3-NITRO",9999.0,9999.0,9999.0,9999.0
CC(O)C(C)[N+](=O)[O-],"2-BUTANOL, 3-NITRO",9999.0,9999.0,9999.0,9999.0
CCC(C)O,2-BUTANOL,9999.0,9999.0,9999.0,9999.0
CC(=O)CCc1ccccc1,"2-BUTANONE, 4-PHENYL",9999.0,9999.0,9999.0,9999.0
CCC(C)=O,2-BUTANONE,9999.0,9999.0,9999.0,9999.0
C/C=C\C,2-BUTENE(CIS),9999.0,9999.0,9999.0,9999.0
C/C=C/C,2-BUTENE(TRANS),9999.0,9999.0,9999.0,9999.0
OC/C=C/CO,"2-BUTENE, 1,4-DIOL",9999.0,9999.0,9999.0,9999.0
CC=C(C)C,"2-BUTENE, 2-METHYL",9999.0,9999.0,9999.0,9999.0
OCC#CCO,"2-BUTYNE, 1,4-DIOL",9999.0,9999.0,9999.0,9999.0
COC(=O)C#CC(=O)OC,"2-BUTYNEDIOIC ACID, DIMETHYL ESTER",9999.0,9999.0,9999.0,9999.0
CC1=CC(=O)CC(C)(C)C1,"2-CYCLOHEXEN-1-ONE, 3,5,5-TRIMETHYL",9999.0,9999.0,9999.0,9999.0
CCCCCCCCCCC(C)=O,2-DODECANONE,9999.0,9999.0,9999.0,9999.0
COC(=O)c1ccco1,"2-FURANCARBOXYLIC ACID, METHYL ESTER",9999.0,9999.0,9999.0,9999.0
N#Cc1ccco1,"2-FURANCARBOXYLIC ACID, NITRILE",9999.0,9999.0,9999.0,9999.0
COC(=O)C1CCCO1,"2-FURANCARBOXYLIC ACID, TETRAHYDRO, METHYL ESTER",9999.0,9999.0,9999.0,9999.0
CCCCCC(C)=O,2-HEPTANONE,9999.0,9999.0,9999.0,9999.0
CCCCC(O)C[N+](=O)[O-],"2-HEXANOL, 1-NITRO",9999.0,9999.0,9999.0,9999.0
CN1CCN(C)C1=O,"2-IMIDAZOLIDINONE, 1,3-DIMETHYL",9999.0,9999.0,9999.0,9999.0
CCCCCCCC(C)=O,2-NONANONE,9999.0,9999.0,9999.0,9999.0
CCCCCCC(C)O,2-OCTANOL,9999.0,9999.0,9999.0,9999.0
CCCCCCC(C)=O,2-OCTANONE,9999.0,9999.0,9999.0,9999.0
CCN1CCOC1=O,"2-OXAZOLIDINONE, 3-ETHYL",9999.0,9999.0,9999.0,9999.0
CN1CCOC1=O,"2-OXAZOLIDINONE, 3-METHYL",9999.0,9999.0,9999.0,9999.0
O=C1OCCN1CCO,"2-OXAZOLIDONE, N-HYDROXYETHYL",9999.0,9999.0,9999.0,9999.0
CCCC(O)C[N+](=O)[O-],"2-PENTANOL, 1-NITRO",9999.0,9999.0,9999.0,9999.0
CCCC(C)O,2-PENTANOL,9999.0,9999.0,9999.0,9999.0
CC(=O)CC(C)C,"2-PENTANONE, 4-METHYL",9999.0,9999.0,9999.0,9999.0
CCCC(C)=O,2-PENTANONE,9999.0,9999.0,9999.0,9999.0
CN1CCCCC1=O,"2-PIPERIDONE, 1-METHYL",9999.0,9999.0,9999.0,9999.0
OC(C(F)(F)F)C(F)(F)F,"2-PROPANOL, 1,1,1,3,3,3-HEXAFLUORO",9999.0,9999.0,9999.0,9999.0
OC(CCl)CCl,"2-PROPANOL, 1,3-DICHLORO",9999.0,9999.0,9999.0,9999.0
CC(CO)[N+](=O)[O-],"2-PROPANOL, 1-NITRO",9999.0,9999.0,9999.0,9999.0
CC(C)(C)O,"2-PROPANOL, 2-METHYL",9999.0,9999.0,9999.0,9999.0
CC(C)(O)c1ccccc1,"2-PROPANOL, 2-PHENYL",9999.0,9999.0,9999.0,9999.0
CC(C)O,2-PROPANOL,9999.0,9999.0,9999.0,9999.0
CC(=O)CBr,"2-PROPANONE, 1-BROMO",9999.0,9999.0,9999.0,9999.0
CC(=O)CC1CCCCC1,"2-PROPANONE, 1-CYCLOHEXYL",9999.0,9999.0,9999.0,9999.0
CC(=O)CO,"2-PROPANONE, 1-HYDROXY",9999.0,9999.0,9999.0,9999.0
CC(=O)C[N+](=O)[O-],"2-PROPANONE, 1-NITRO",9999.0,9999.0,9999.0,9999.0
CC(=O)Cc1ccccc1,"2-PROPANONE, PHENYL",9999.0,9999.0,9999.0,9999.0
CC(C)=O,2-PROPANONE,9999.0,9999.0,9999.0,9999.0
C=CCO,2-PROPEN-1-OL,9999.0,9999.0,9999.0,9999.0
CCCCCCCCN1CCCC1=O,"2-PYRROLIDINONE, 1-OCTYL",9999.0,9999.0,9999.0,9999.0
O=C1CCCN1,2-PYRROLIDINONE,9999.0,9999.0,9999.0,9999.0
CC1CCC(=O)N1C,"2-PYRROLIDONE, 1,5-DIMETHYL",9999.0,9999.0,9999.0,9999.0
CCN1CCCC1=O,"2-PYRROLIDONE, 1-ETHYL",9999.0,9999.0,9999.0,9999.0
CN1CCCC1=O,"2-PYRROLIDONE, 1-METHYL",9999.0,9999.0,9999.0,9999.0
O=Cc1cccs1,2-THIOPHENECARBOXALDEHYDE,9999.0,9999.0,9999.0,9999.0
CCOC(=O)c1cocc1C(=O)OCC,"3,4-FURANDICARBOXYLIC ACID, DIETHYL ESTER",9999.0,9999.0,9999.0,9999.0
C=C(C)CCO,"3-BUTEN-1-OL, 3-METHYL",9999.0,9999.0,9999.0,9999.0
C=CC(C)(C)O,"3-BUTEN-2-OL, 2-METHYL",9999.0,9999.0,9999.0,9999.0
O=C1CC=CO1,"3-BUTENOIC ACID, 4-HYDROXY, GAMMA-LACTONE",9999.0,9999.0,9999.0,9999.0
CC(=O)C1CC=CCC1,"3-CYCLOHEXENE, 1-ACETYL",9999.0,9999.0,9999.0,9999.0
O=CC1CC=CCC1,3-CYCLOHEXENE-1-CARBOXALDEHYDE,9999.0,9999.0,9999.0,9999.0
COC(=O)C1CC=CCC1,"3-CYCLOHEXENE-1-CARBOXYLIC ACID, METHYL ESTER",9999.0,9999.0,9999.0,9999.0
N#CC1CC=CCC1,"3-CYCLOHEXENE-1-CARBOXYLIC ACID, NITRILE",9999.0,9999.0,9999.0,9999.0
COC(=O)c1ccoc1,"3-FURANCARBOXYLIC ACID, METHYL ESTER",9999.0,9999.0,9999.0,9999.0
N#Cc1ccoc1,"3-FURANCARBOXYLIC ACID, NITRILE",9999.0,9999.0,9999.0,9999.0
COC(=O)C1CCOC1,"3-FURANCARBOXYLIC ACID, TETRAHYDRO, METHYL ESTER",9999.0,9999.0,9999.0,9999.0
O=Cc1ccoc1,3-FURFURAL,9999.0,9999.0,9999.0,9999.0
CCCCC(=O)CC,3-HEPTANONE,9999.0,9999.0,9999.0,9999.0
O=CN1CCOC1,3-OXAZOLIDINECARBOXALDEHYDE,9999.0,9999.0,9999.0,9999.0
COC(=O)N1CCOC1,"3-OXAZOLIDINECARBOXYLIC ACID, METHYL ESTER",9999.0,9999.0,9999.0,9999.0
CCC(O)C(C)(C)[N+](=O)[O-],"3-PENTANOL, 2-METHYL, 2-NITRO",9999.0,9999.0,9999.0,9999.0
CCC(O)CC,3-PENTANOL,9999.0,9999.0,9999.0,9999.0
CCC(=O)CC,3-PENTANONE,9999.0,9999.0,9999.0,9999.0
COC(=O)c1c(C)noc1C,"4-ISOXAZOLECARBOXYLIC ACID, 3,5-DIMETHYL, METHYL ESTER",9999.0,9999.0,9999.0,9999.0
O=CN1CCOCC1,4-MORPHOLINECARBOXALDEHYDE,9999.0,9999.0,9999.0,9999.0
COC(=O)N1CCOCC1,"4-MORPHOLINECARBOXYLIC ACID, METHYL ESTER",9999.0,9999.0,9999.0,9999.0
c1ccc2c(c1)ccc1cccnc12,"7,8-BENZOQUINOLINE",9999.0,9999.0,9999.0,9999.0
O=C1c2cc([N+](=O)[O-])ccc2-c2c1cc([N+](=O)[O-])cc2[N+](=O)[O-],"9-FLUORENONE, 2,4,7-TRINITRO",9999.0,9999.0,9999.0,9999.0
CCCCCCCCC(=O)CCCCCCCC,9-HEPTADECANONE,9999.0,9999.0,9999.0,9999.0
CC(=O)COC(C)=O,"ACETIC ACID, 2-OXOPROPYL ESTER",9999.0,9999.0,9999.0,9999.0
CCN(CC)C(C)=O,"ACETIC ACID, AMIDE, N,N-DIETHYL",9999.0,9999.0,9999.0,9999.0
CC(=O)N(C)C,"ACETIC ACID, AMIDE, N,N-DIMETHYL",9999.0,9999.0,9999.0,9999.0
CCNC(C)=O,"ACETIC ACID, AMIDE, N-ETHYL",9999.0,9999.0,9999.0,9999.0
CC(=O)NC(C)C,"ACETIC ACID, AMIDE, N-ISOPROPYL",9999.0,9999.0,9999.0,9999.0
CNC(C)=O,"ACETIC ACID, AMIDE, N-METHYL",9999.0,9999.0,9999.0,9999.0
CC(=O)Nc1ccccc1,"ACETIC ACID, AMIDE, N-PHENYL",9999.0,9999.0,9999.0,9999.0
CC(=O)OCc1ccccc1,"ACETIC ACID, BENZYL ESTER",9999.0,9999.0,9999.0,9999.0
CCOC(=O)CBr,"ACETIC ACID, BROMO, ETHYL ESTER",9999.0,9999.0,9999.0,9999.0
CCCCOC(C)=O,"ACETIC ACID, BUTYL ESTER",9999.0,9999.0,9999.0,9999.0
N#CCCl,"ACETIC ACID, CHLORO, NITRILE",9999.0,9999.0,9999.0,9999.0
O=C(O)C(Cl)Cl,"ACETIC ACID, DICHLORO",9999.0,9999.0,9999.0,9999.0
O=C(OCC[N+](=O)[O-])C(F)F,"ACETIC ACID, DIFLUORO, 2-NITROETHYL ESTER",9999.0,9999.0,9999.0,9999.0
CCOC(C)=O,"ACETIC ACID, ETHYL ESTER",9999.0,9999.0,9999.0,9999.0
CCCCCCOC(C)=O,"ACETIC ACID, HEXYL ESTER",9999.0,9999.0,9999.0,9999.0
COC(=O)CNCC(=O)OC,"ACETIC ACID, IMINODI, DIMETHYL ESTER",9999.0,9999.0,9999.0,9999.0
COC(=O)CN(C)CC(=O)OC,"ACETIC ACID, IMINODI, N-METHYL, DIMETHYL ESTER",9999.0,9999.0,9999.0,9999.0
COCC#N,"ACETIC ACID, METHOXY, NITRILE",9999.0,9999.0,9999.0,9999.0
COC(C)=O,"ACETIC ACID, METHYL ESTER",9999.0,9999.0,9999.0,9999.0
CC#N,"ACETIC ACID, NITRILE",9999.0,9999.0,9999.0,9999.0
COC(=O)COCC(=O)OC,"ACETIC ACID, OXYDI, DIMETHYL ESTER",9999.0,9999.0,9999.0,9999.0
CC(=O)Oc1ccccc1,"ACETIC ACID, PHENYL ESTER",9999.0,9999.0,9999.0,9999.0
N#CCc1ccccc1,"ACETIC ACID, PHENYL, NITRILE",9999.0,9999.0,9999.0,9999.0
CCCOC(C)=O,"ACETIC ACID, PROPYL ESTER",9999.0,9999.0,9999.0,9999.0
CC(=O)O,ACETIC ACID,9999.0,9999.0,9999.0,9999.0
CC(=O)c1c(F)c(F)c(F)c(F)c1F,"ACETOPHENONE, 2',3',4',5',6'-PENTAFLUORO",9999.0,9999.0,9999.0,9999.0
O=C(c1c(F)c(F)c(F)c(F)c1F)C(F)(F)F,"ACETOPHENONE, OCTAFLUORO",9999.0,9999.0,9999.0,9999.0
CC(=O)c1ccccc1,ACETOPHENONE,9999.0,9999.0,9999.0,9999.0
O=C(OCC[N+](=O)[O-])C(F)(F)F,"ACTIC ACID, TRIFLUORO, 2-NITROETHYL ESTER",9999.0,9999.0,9999.0,9999.0
CC1=CCC2CC1C2(C)C,ALPHA-PINENE,9999.0,9999.0,9999.0,9999.0
CCN(CC)N=O,"AMINE, DIETHYL, N-NITROSO",9999.0,9999.0,9999.0,9999.0
CCNCC,"AMINE, DIETHYL",9999.0,9999.0,9999.0,9999.0
CC(C)NC(C)C,"AMINE, DIISOPROPYL",9999.0,9999.0,9999.0,9999.0
CCN(C)C,"AMINE, DIMETHYL ETHYL",9999.0,9999.0,9999.0,9999.0
CNC,"AMINE, DIMETHYL",9999.0,9999.0,9999.0,9999.0
c1ccc(Nc2ccccc2)cc1,"AMINE, DIPHENYL",9999.0,9999.0,9999.0,9999.0
CCCNCCC,"AMINE, DIPROPYL",9999.0,9999.0,9999.0,9999.0
CCCCCCCCCCCCN,"AMINE, DODECYL",9999.0,9999.0,9999.0,9999.0
FC(F)(F)C(F)(F)C(F)(F)C(F)(F)N(C(F)(F)C(F)(F)C(F)(F)C(F)(F)F)C(F)(F)C(F)(F)C(F)(F)C(F)(F)F,"AMINE, TRIBUTYL, PERFLUORO",9999.0,9999.0,9999.0,9999.0
CCCCN(CCCC)CCCC,"AMINE, TRIBUTYL",9999.0,9999.0,9999.0,9999.0
OCCN(CCO)CCO,"AMINE, TRIETHYL, 2,2',2''-TRIHYDROXY",9999.0,9999.0,9999.0,9999.0
CCN(CC)CC,"AMINE, TRIETHYL",9999.0,9999.0,9999.0,9999.0
CCCCCCN(CCCCCC)CCCCCC,"AMINE, TRIHEXYL",9999.0,9999.0,9999.0,9999.0
CCCCCCCCN(CCCCCCCC)CCCCCCCC,"AMINE, TRIOCTYL",9999.0,9999.0,9999.0,9999.0
CCCCCN(CCCCC)CCCCC,"AMINE, TRIPENTYL",9999.0,9999.0,9999.0,9999.0
Nc1c(F)c(F)c(F)c(F)c1F,"ANILINE, 2,3,4,5,6-PENTAFLUORO",9999.0,9999.0,9999.0,9999.0
Nc1c(F)cc(F)c(F)c1F,"ANILINE, 2,3,4,6-TETRAFLUORO",9999.0,9999.0,9999.0,9999.0
Nc1ccc(F)cc1F,"ANILINE, 2,4-DIFLUORO",9999.0,9999.0,9999.0,9999.0
Nc1cc(C(F)(F)F)ccc1C(F)(F)F,"ANILINE, 2,5-BIS(TRIFLUOROMETHYL)",9999.0,9999.0,9999.0,9999.0
Nc1ccccc1F,"ANILINE, 2-FLUORO",9999.0,9999.0,9999.0,9999.0
COc1ccccc1N,"ANILINE, 2-METHOXY",9999.0,9999.0,9999.0,9999.0
Nc1cccc(C(F)F)c1,"ANILINE, 3-(DIFLUOROMETHYL)",9999.0,9999.0,9999.0,9999.0
Nc1cccc(C(F)(F)F)c1,"ANILINE, 3-(TRIFLUOROMETHYL)",9999.0,9999.0,9999.0,9999.0
CN(C)c1ccc(Br)cc1,"ANILINE, 4-BROMO, N,N-DIMETHYL",9999.0,9999.0,9999.0,9999.0
Nc1ccc(F)cc1,"ANILINE, 4-FLUORO",9999.0,9999.0,9999.0,9999.0
COc1ccc(N)cc1,"ANILINE, 4-METHOXY",9999.0,9999.0,9999.0,9999.0
Nc1ccc(SC(F)F)cc1,"ANILINE, 4-[(DIFLUOROMETHYL)THIO]",9999.0,9999.0,9999.0,9999.0
CCCCN(CCCC)c1ccccc1,"ANILINE, N,N-DIBUTYL",9999.0,9999.0,9999.0,9999.0
CCN(CC)c1ccccc1,"ANILINE, N,N-DIETHYL",9999.0,9999.0,9999.0,9999.0
CN(C)c1cccc([N+](=O)[O-])c1,"ANILINE, N,N-DIMETHYL, 3-NITRO",9999.0,9999.0,9999.0,9999.0
CN(C)c1ccc(N=O)cc1,"ANILINE, N,N-DIMETHYL, 4-NITROSO",9999.0,9999.0,9999.0,9999.0
CN(C)c1ccccc1,"ANILINE, N,N-DIMETHYL",9999.0,9999.0,9999.0,9999.0
CNc1ccccc1,"ANILINE, N-METHYL",9999.0,9999.0,9999.0,9999.0
Nc1ccccc1,ANILINE,9999.0,9999.0,9999.0,9999.0
CC(=O)N1CC1,"AZIRIDINE, 1-ACETYL",9999.0,9999.0,9999.0,9999.0
Cc1ccc(N=Nc2ccc(OCc3ccc(Cl)cc3)c(C)c2)cc1,"AZOBENZENE, 3,4'-DIMETHYL-4-[(4-CHLOROBENZYL)OXY]",9999.0,9999.0,9999.0,9999.0
c1ccc(N=Nc2ccccc2)cc1,AZOBENZENE,9999.0,9999.0,9999.0,9999.0
CCCCCCCOc1ccc(N=[N+]([O-])c2ccc(OCCCCCCC)cc2)cc1,"AZOXYBENZENE, 4,4'-DIHEPTOXY",9999.0,9999.0,9999.0,9999.0
CCCCCCOc1ccc(N=[N+]([O-])c2ccc(OCCCCCC)cc2)cc1,"AZOXYBENZENE, 4,4'-DIHEXOXY",9999.0,9999.0,9999.0,9999.0
O=Cc1ccc([N+](=O)[O-])cc1[N+](=O)[O-],"BENZALDEHYDE, 2,4-DINITRO",9999.0,9999.0,9999.0,9999.0
O=Cc1cccc([N+](=O)[O-])c1,"BENZALDEHYDE, 3-NITRO",9999.0,9999.0,9999.0,9999.0
CN(C)c1ccc(C=O)cc1,"BENZALDEHYDE, 4(DIMETHYLAMINO)",9999.0,9999.0,9999.0,9999.0
O=Cc1ccccc1,BENZALDEHYDE,9999.0,9999.0,9999.0,9999.0
Clc1ccc(Cl)c(Cl)c1,"BENZENE, 1,2,4-TRICHLORO",9999.0,9999.0,9999.0,9999.0
O=C(Oc1ccccc1OC(=O)c1ccccc1)c1ccccc1,"BENZENE, 1,2-DIHYDROXY, DIBENZOATE",9999.0,9999.0,9999.0,9999.0
CCCC(=O)Oc1ccccc1OC(=O)CCC,"BENZENE, 1,2-DIHYDROXY, DIBUTYRATE",9999.0,9999.0,9999.0,9999.0
Cc1ccccc1C,"BENZENE, 1,2-DIMETHYL",9999.0,9999.0,9999.0,9999.0
c1ccc(-c2ccccc2-c2ccccc2)cc1,"BENZENE, 1,2-DIPHENYL",9999.0,9999.0,9999.0,9999.0
O=[N+]([O-])c1cc([N+](=O)[O-])cc([N+](=O)[O-])c1,"BENZENE, 1,3,5-TRINITRO",9999.0,9999.0,9999.0,9999.0
Nc1cccc(N)c1,"BENZENE, 1,3-DIAMINO",9999.0,9999.0,9999.0,9999.0
COc1cccc(OC)c1,"BENZENE, 1,3-DIMETHOXY",9999.0,9999.0,9999.0,9999.0
Cc1cccc(C)c1,"BENZENE, 1,3-DIMETHYL",9999.0,9999.0,9999.0,9999.0
COc1c([N+](=O)[O-])cc(C(F)(F)F)cc1[N+](=O)[O-],"BENZENE, 1,3-DINITRO, 2-METHOXY, 5-(TRIFLUOROMETHYL)",9999.0,9999.0,9999.0,9999.0
c1ccc(-c2cccc(-c3ccccc3)c2)cc1,"BENZENE, 1,3-DIPHENYL",9999.0,9999.0,9999.0,9999.0
Cc1ccc(C)cc1,"BENZENE, 1,4-DIMETHYL",9999.0,9999.0,9999.0,9999.0
O=[N+]([O-])c1cccc(OC(F)F)c1,"BENZENE, 1-(DIFLUOROMETHOXY), 3-NITRO",9999.0,9999.0,9999.0,9999.0
O=[N+]([O-])c1ccc(OC(F)F)cc1,"BENZENE, 1-(DIFLUOROMETHOXY), 4-NITRO",9999.0,9999.0,9999.0,9999.0
Nc1ccccc1S,"BENZENE, 1-AMINO, 2-MERCAPTO",9999.0,9999.0,9999.0,9999.0
Cc1cc(C)cc(N)c1,"BENZENE, 1-AMINO, 3,5-DIMETHYL",9999.0,9999.0,9999.0,9999.0
Fc1ccc(Br)cc1,"BENZENE, 1-BROMO, 4-FLUORO",9999.0,9999.0,9999.0,9999.0
COc1ccc(Br)cc1,"BENZENE, 1-BROMO, 4-METHOXY",9999.0,9999.0,9999.0,9999.0
O=[N+]([O-])c1ccc(Cl)c([N+](=O)[O-])c1,"BENZENE, 1-CHLORO, 2,4-DINITRO",9999.0,9999.0,9999.0,9999.0
O=[N+]([O-])c1ccccc1Cl,"BENZENE, 1-CHLORO-2-NITRO",9999.0,9999.0,9999.0,9999.0
CCc1ccccc1[N+](=O)[O-],"BENZENE, 1-ETHYL, 2-NITRO",9999.0,9999.0,9999.0,9999.0
CCc1ccc([N+](=O)[O-])cc1,"BENZENE, 1-ETHYL, 4-NITRO",9999.0,9999.0,9999.0,9999.0
O=[N+]([O-])c1ccc(F)c([N+](=O)[O-])c1,"BENZENE, 1-FLUORO, 2,4-DINITRO",9999.0,9999.0,9999.0,9999.0
COc1ccccc1F,"BENZENE, 1-FLUORO, 2-METHOXY",9999.0,9999.0,9999.0,9999.0
O=[N+]([O-])c1ccccc1F,"BENZENE, 1-FLUORO, 2-NITRO",9999.0,9999.0,9999.0,9999.0
O=[N+]([O-])c1cccc(F)c1,"BENZENE, 1-FLUORO, 3-NITRO",9999.0,9999.0,9999.0,9999.0
O=[N+]([O-])c1ccc(F)cc1,"BENZENE, 1-FLUORO, 4-NITRO",9999.0,9999.0,9999.0,9999.0
COc1ccc(C(F)(F)F)cc1[N+](=O)[O-],"BENZENE, 1-METHOXY, 2-NITRO, 4-(TRIFLUOROMETHYL)",9999.0,9999.0,9999.0,9999.0
COc1cccc([N+](=O)[O-])c1,"BENZENE, 1-METHOXY, 3-NITRO",9999.0,9999.0,9999.0,9999.0
Cc1ccccc1[N+](=O)[O-],"BENZENE, 1-METHYL-2-NITRO",9999.0,9999.0,9999.0,9999.0
Cc1ccc([N+](=O)[O-])cc1,"BENZENE, 1-METHYL-4-NITRO",9999.0,9999.0,9999.0,9999.0
O=[N+]([O-])c1cccc(SC(F)(F)F)c1,"BENZENE, 1-NITRO, 3-[ (TRIFLUOROMETHYL) THIO]",9999.0,9999.0,9999.0,9999.0
O=[N+]([O-])c1ccc(SC(F)(F)F)cc1,"BENZENE, 1-NITRO, 4-[ (TRIFLUOROMETHYL) THIO]",9999.0,9999.0,9999.0,9999.0
O=[N+]([O-])c1ccccc1SC(F)F,"BENZENE, 1-[(DIFLUOROMETHYL)THIO], 2-NITRO",9999.0,9999.0,9999.0,9999.0
O=[N+]([O-])c1ccc(SC(F)F)cc1,"BENZENE, 1-[(DIFLUOROMETHYL)THIO], 4-NITRO",9999.0,9999.0,9999.0,9999.0
O=[N+]([O-])c1ccc(F)cc1F,"BENZENE, 2,4-DIFLUORO, 1-NITRO",9999.0,9999.0,9999.0,9999.0
CCc1c([N+](=O)[O-])cc([N+](=O)[O-])cc1[N+](=O)[O-],"BENZENE, 2-ETHYL, 1,3,5-TRINITRO",9999.0,9999.0,9999.0,9999.0
Cc1cc(C)c([N+](=O)[O-])c(C)c1,"BENZENE, 2-NITRO, 1,3,5-TRIMETHYL",9999.0,9999.0,9999.0,9999.0
O=[N+]([O-])c1cc(C(F)(F)F)ccc1C(F)(F)F,"BENZENE, 2-NITRO, 1,4-BIS(TRIFLUOROMETHYL)",9999.0,9999.0,9999.0,9999.0
O=[N+]([O-])c1c(F)ccc(F)c1F,"BENZENE, 3-NITRO, 1,2,4-TRIFLUORO",9999.0,9999.0,9999.0,9999.0
COc1ccc(F)cc1[N+](=O)[O-],"BENZENE, 4-FLUORO, 1-METHOXY, 2-NITRO",9999.0,9999.0,9999.0,9999.0
O=[N+]([O-])c1c(F)cc(F)c(F)c1F,"BENZENE, 4-NITRO, 1,2,3,5-TETRAFLUORO",9999.0,9999.0,9999.0,9999.0
Brc1ccccc1,"BENZENE, BROMO",9999.0,9999.0,9999.0,9999.0
ClCc1ccccc1,"BENZENE, CHLOROMETHYL",9999.0,9999.0,9999.0,9999.0
Clc1ccccc1,"BENZENE, CHLORO",9999.0,9999.0,9999.0,9999.0
c1ccc(C2CCCCC2)cc1,"BENZENE, CYCLOHEXYL",9999.0,9999.0,9999.0,9999.0
CCOc1c(F)c(F)c(F)c(F)c1F,"BENZENE, ETHOXY, 2,3,4,5,6-PENTAFLUORO",9999.0,9999.0,9999.0,9999.0
CCOc1ccccc1,"BENZENE, ETHOXY",9999.0,9999.0,9999.0,9999.0
CCc1ccccc1,"BENZENE, ETHYL",9999.0,9999.0,9999.0,9999.0
Fc1ccccc1,"BENZENE, FLUORO",9999.0,9999.0,9999.0,9999.0
CCCCCCc1ccccc1,"BENZENE, HEXYL",9999.0,9999.0,9999.0,9999.0
Ic1ccccc1,"BENZENE, IODO",9999.0,9999.0,9999.0,9999.0
CC(C)c1ccccc1,"BENZENE, ISOPROPYL",9999.0,9999.0,9999.0,9999.0
COc1c(F)c(F)c(F)c(F)c1F,"BENZENE, METHOXY, 2,3,4,5,6-PENTAFLUORO",9999.0,9999.0,9999.0,9999.0
COc1ccccc1,"BENZENE, METHOXY",9999.0,9999.0,9999.0,9999.0
O=[N+]([O-])c1c(F)c(F)c(F)c(F)c1F,"BENZENE, NITRO, 2,3,4,5,6-PENTAFLUORO",9999.0,9999.0,9999.0,9999.0
O=[N+]([O-])c1ccccc1,"BENZENE, NITRO",9999.0,9999.0,9999.0,9999.0
CCCCCCCCCCCCCCCCCCc1ccccc1,"BENZENE, OCTADECYL",9999.0,9999.0,9999.0,9999.0
CCCCCCCCc1ccccc1,"BENZENE, OCTYL",9999.0,9999.0,9999.0,9999.0
Fc1c(F)c(F)c(F)c(F)c1F,"BENZENE, PERFLUORO",9999.0,9999.0,9999.0,9999.0
FC(F)(F)c1ccccc1,"BENZENE, TRIFLUOROMETHYL",9999.0,9999.0,9999.0,9999.0
CC(C)NS(=O)(=O)c1ccccc1,"BENZENESULFONIC ACID, N-ISOPROPYL, AMIDE",9999.0,9999.0,9999.0,9999.0
O=S(=O)(Oc1ccccc1)C(F)(F)F,"BENZENESULFONIC ACID, TRIFLUOROMETHYL ESTER",9999.0,9999.0,9999.0,9999.0
c1ccccc1,BENZENE,9999.0,9999.0,9999.0,9999.0
COC(=O)c1ccccc1O,"BENZOIC ACID, 2-HYDROXY-, METHYL ESTER",9999.0,9999.0,9999.0,9999.0
CCCCNC(=O)c1ccccc1,"BENZOIC ACID, AMIDE, N-BUTYL",9999.0,9999.0,9999.0,9999.0
CCCCCNC(=O)c1ccccc1,"BENZOIC ACID, AMIDE, N-PENTYL",9999.0,9999.0,9999.0,9999.0
CCOC(=O)c1ccccc1,"BENZOIC ACID, ETHYL ESTER",9999.0,9999.0,9999.0,9999.0
COC(=O)c1ccccc1,"BENZOIC ACID, METHYL ESTER",9999.0,9999.0,9999.0,9999.0
N#Cc1ccccc1,"BENZOIC ACID, NITRILE",9999.0,9999.0,9999.0,9999.0
N#Cc1c(F)c(F)c(F)c(F)c1F,"BENZOIC ACID, PENTAFLUORO, NITRILE",9999.0,9999.0,9999.0,9999.0
N#Cc1cccc(C(F)(F)F)c1,"BENZONITRILE, 3-(TRIFLUOROMETHYL)",9999.0,9999.0,9999.0,9999.0
O=C(c1ccccc1)c1ccccc1,BENZOPHENONE,9999.0,9999.0,9999.0,9999.0
OCc1ccccc1,BENZYL ALCOHOL,9999.0,9999.0,9999.0,9999.0
C=C1CCC2CC1C2(C)C,BETA-PINENE,9999.0,9999.0,9999.0,9999.0
C1CCC(C2CCCCC2)CC1,BICYCLOHEXYL,9999.0,9999.0,9999.0,9999.0
Cc1ccc(-c2ccc(C)cc2)cc1,"BIPHENYL, 4,4'-DIMETHYL",9999.0,9999.0,9999.0,9999.0
CCCCCCCOc1ccc(-c2ccc(C#N)cc2)cc1,"BIPHENYL, 4-CARBONITRILE, 4'-(HEPTYLOXY)",9999.0,9999.0,9999.0,9999.0
CCCCCCOc1ccc(-c2ccc(C#N)cc2)cc1,"BIPHENYL, 4-CARBONITRILE, 4'-(HEXYLOXY)",9999.0,9999.0,9999.0,9999.0
CCCCCCCCOc1ccc(-c2ccc(C#N)cc2)cc1,"BIPHENYL, 4-CARBONITRILE, 4'-(OCTYLOXY)",9999.0,9999.0,9999.0,9999.0
CCCCCOc1ccc(-c2ccc(C#N)cc2)cc1,"BIPHENYL, 4-CARBONITRILE, 4'-(PENTYLOXY)",9999.0,9999.0,9999.0,9999.0
c1ccc(Cc2ccccc2-c2ccccc2)cc1,"BIPHENYL, BENZYL",9999.0,9999.0,9999.0,9999.0
c1ccc(-c2ccccc2)cc1,BIPHENYL,9999.0,9999.0,9999.0,9999.0
CCCC=O,BUTANAL,9999.0,9999.0,9999.0,9999.0
CCCCN(CCCC)C(=O)C(C)(C)CC,"BUTANAMIDE, N,N-DIBUTYL, 2,2-DIMETHYL",9999.0,9999.0,9999.0,9999.0
FCC(F)(F)C(F)(F)C(F)(F)F,"BUTANE, 1,1,1,2,2,3,3,4-OCTAFLUORO",9999.0,9999.0,9999.0,9999.0
C1CCC(CCCCC2CCCC2)C1,"BUTANE, 1,4-DICYCLOPENTYL",9999.0,9999.0,9999.0,9999.0
CCCCN,"BUTANE, 1-AMINO",9999.0,9999.0,9999.0,9999.0
CCCCCl,"BUTANE, 1-CHLORO",9999.0,9999.0,9999.0,9999.0
CC(C)C(C)(C)C,"BUTANE, 2,2,3-TRIMETHYL",9999.0,9999.0,9999.0,9999.0
CCC(C)(C)C,"BUTANE, 2,2-DIMETHYL",9999.0,9999.0,9999.0,9999.0
CC(C)C(C)C,"BUTANE, 2,3-DIMETHYL",9999.0,9999.0,9999.0,9999.0
CCC(C)C,"BUTANE, 2-METHYL",9999.0,9999.0,9999.0,9999.0
CCCC,BUTANE,9999.0,9999.0,9999.0,9999.0
CC(=O)C1CCOC1=O,"BUTANOIC ACID, 2-ACETYL, 4-HYDROXY, GAMMA-LACTONE",9999.0,9999.0,9999.0,9999.0
O=C1OCCC1Br,"BUTANOIC ACID, 2-BROMO, 4-HYDROXY, GAMMA-LACTONE",9999.0,9999.0,9999.0,9999.0
CC(=O)CC#N,"BUTANOIC ACID, 3-OXO, NITRILE",9999.0,9999.0,9999.0,9999.0
COC(=O)CC(C)=O,"BUTANOIC ACID, 3-OXO-, METHYL ESTER",9999.0,9999.0,9999.0,9999.0
O=C1CCCO1,"BUTANOIC ACID, 4-HYDROXY, LACTONE",9999.0,9999.0,9999.0,9999.0
CCCC(=O)OCC,"BUTANOIC ACID, ETHYL ESTER",9999.0,9999.0,9999.0,9999.0
CCCC#N,"BUTANOIC ACID, NITRILE",9999.0,9999.0,9999.0,9999.0
COC(=O)N(C)C,"CARBAMIC ACID, N,N-DIMETHYL, METHYL ESTER",9999.0,9999.0,9999.0,9999.0
S=C=S,CARBON DISULFIDE,9999.0,9999.0,9999.0,9999.0
COC(=O)OC,"CARBONIC ACID, DIMETHYL ESTER",9999.0,9999.0,9999.0,9999.0
CCCCOC(=O)CC(CC(=O)OCCCC)(OC(C)=O)C(=O)OCCCC,"CITRIC ACID, TRIBUTYL ESTER.ACETATE",9999.0,9999.0,9999.0,9999.0
OC1CCCCCC1,CYCLOHEPTANOL,9999.0,9999.0,9999.0,9999.0
C=C(C)C1CCCC(C)C1,"CYCLOHEXANE, 1-METHYL-3-(1-METHYLETHENYL)",9999.0,9999.0,9999.0,9999.0
CC(=O)C1=CCCCC1,"CYCLOHEXANE, ACETYL",9999.0,9999.0,9999.0,9999.0
NC1CCCCC1,"CYCLOHEXANE, AMINO",9999.0,9999.0,9999.0,9999.0
BrC1CCCCC1,"CYCLOHEXANE, BROMO",9999.0,9999.0,9999.0,9999.0
CCCCC1CCCCC1,"CYCLOHEXANE, BUTYL",9999.0,9999.0,9999.0,9999.0
ClC1CCCCC1,"CYCLOHEXANE, CHLORO",9999.0,9999.0,9999.0,9999.0
N#CC1CCCCC1,"CYCLOHEXANE, CYANO",9999.0,9999.0,9999.0,9999.0
CCCCCCCCCCC1CCCCC1,"CYCLOHEXANE, DECYL",9999.0,9999.0,9999.0,9999.0
CC1CCCCC1,"CYCLOHEXANE, METHYL",9999.0,9999.0,9999.0,9999.0
O=[N+]([O-])C1CCCCC1,"CYCLOHEXANE, NITRO",9999.0,9999.0,9999.0,9999.0
CCCCCCCCCCCCCCCCCCC1CCCCC1,"CYCLOHEXANE, OCTADECYL",9999.0,9999.0,9999.0,9999.0
CCCCCCCCCCCCCCC1CCCCC1,"CYCLOHEXANE, TETRADECYL",9999.0,9999.0,9999.0,9999.0
O=CC1CCCCC1,CYCLOHEXANECARBOXALDEHYDE,9999.0,9999.0,9999.0,9999.0
COC(=O)C1CCCCC1,"CYCLOHEXANECARBOXYLIC ACID, METHYL ESTER",9999.0,9999.0,9999.0,9999.0
C1CCCCC1,CYCLOHEXANE,9999.0,9999.0,9999.0,9999.0
OC1CCCCC1,CYCLOHEXANOL,9999.0,9999.0,9999.0,9999.0
O=C1CCCCC1,CYCLOHEXANONE,9999.0,9999.0,9999.0,9999.0
C[Si]1(C)O[Si](C)(C)O[Si](C)(C)O[Si](C)(C)O[Si](C)(C)O[Si](C)(C)O1,"CYCLOHEXASILOXANE, DODECAMETHYL",9999.0,9999.0,9999.0,9999.0
O=[N+]([O-])C1CC=CCC1,"CYCLOHEXENE, 4-NITRO",9999.0,9999.0,9999.0,9999.0
C1=CCCCC1,CYCLOHEXENE,9999.0,9999.0,9999.0,9999.0
C1CCCCCCC1,CYCLOOCTANE,9999.0,9999.0,9999.0,9999.0
CC1CCCC1c1ccccc1,"CYCLOPENTANE, 1-METHYL, 2-PHENYL",9999.0,9999.0,9999.0,9999.0
CCCCC1CCCC1,"CYCLOPENTANE, BUTYL",9999.0,9999.0,9999.0,9999.0
CCC1CCCC1,"CYCLOPENTANE, ETHYL",9999.0,9999.0,9999.0,9999.0
CCCCCCC1CCCC1,"CYCLOPENTANE, HEXYL",9999.0,9999.0,9999.0,9999.0
CC(C)C1CCCC1,"CYCLOPENTANE, ISOPROPYL",9999.0,9999.0,9999.0,9999.0
CC1CCCC1,"CYCLOPENTANE, METHYL",9999.0,9999.0,9999.0,9999.0
C1CCCC1,CYCLOPENTANE,9999.0,9999.0,9999.0,9999.0
OC1CCCC1,CYCLOPENTANOL,9999.0,9999.0,9999.0,9999.0
O=C1CCCC1,CYCLOPENTANONE,9999.0,9999.0,9999.0,9999.0
CC1C=CCC1,"CYCLOPENTENE, 3-METHYL",9999.0,9999.0,9999.0,9999.0
C[Si]1(C)O[Si](C)(C)O[Si](C)(C)O[Si](C)(C)O1,"CYCLOTETRASILOXANE, OCTAMETHYL",9999.0,9999.0,9999.0,9999.0
C1CC[C@H]2CCCC[C@H]2C1,DECALIN(CIS),9999.0,9999.0,9999.0,9999.0
C1CC[C@H]2CCCC[C@@H]2C1,DECALIN(TRANS),9999.0,9999.0,9999.0,9999.0
CCCCCCCCCCc1ccccc1,"DECANE, 1-PHENYL",9999.0,9999.0,9999.0,9999.0
CCCCC(CC)COC(=O)CCCCCCCCC(=O)OCC(CC)CCCC,"DECANEDIOIC ACID, DI(2-ETHYLHEXYL) ESTER",9999.0,9999.0,9999.0,9999.0
CCCCOC(=O)CCCCCCCCC(=O)OCCCC,"DECANEDIOIC ACID, DIBUTYL ESTER",9999.0,9999.0,9999.0,9999.0
CCCCCCOC(=O)CCCCCCCCC(=O)OCCCCCC,"DECANEDIOIC ACID, DIHEXYL ESTER",9999.0,9999.0,9999.0,9999.0
CCCCCCCCCOC(=O)CCCCCCCCC(=O)OCCCCCCCCC,"DECANEDIOIC ACID, DINONYL ESTER",9999.0,9999.0,9999.0,9999.0
O=C(O)CCCCCCCCC(=O)O,DECANEDIOIC ACID,9999.0,9999.0,9999.0,9999.0
CCCCCCCCCC,DECANE,9999.0,9999.0,9999.0,9999.0
CCCCCCCCCC(CCCCCCCC(=O)OC)C(F)(F)C(F)(F)C(F)(F)C(F)(F)C(F)(F)C(F)(F)C(F)(F)C(F)(F)F,"DECANOIC ACID, 10(9)-PERFLUOROOCTYL, METHYL ESTER",9999.0,9999.0,9999.0,9999.0
c1ccc2c(c1)oc1ccccc12,DIBENZOFURAN,9999.0,9999.0,9999.0,9999.0
N#CCCOCCOc1ccc(Cl)cc1Cl,DICHLOROPHENOXY-BETA-CYANOETHYL ETHER,9999.0,9999.0,9999.0,9999.0
CCCCOCCOCCOCCCC,"DIETHYLENE GLYCOL, DIBUTYL ETHER",9999.0,9999.0,9999.0,9999.0
CCOCCOCCOCC,"DIETHYLENE GLYCOL, DIETHYL ETHER",9999.0,9999.0,9999.0,9999.0
OCCOCCO,DIETHYLENE GLYCOL,9999.0,9999.0,9999.0,9999.0
C1COOC1,DIOXOLANE,9999.0,9999.0,9999.0,9999.0
CCCCCCCCCCCCCCCCCCCCCC,DOCOSANE,9999.0,9999.0,9999.0,9999.0
CCCCCCCCCCCC(=O)N(CC)CC,"DODECANAMIDE, N,N-DIETHYL",9999.0,9999.0,9999.0,9999.0
NCCCCCCCCCCCCN,"DODECANE, 1,12-DIAMINO",9999.0,9999.0,9999.0,9999.0
CCCCCCCCCCCCc1ccccc1,"DODECANE, 1-PHENYL",9999.0,9999.0,9999.0,9999.0
N#CCCCCCCCCCCC#N,"DODECANEDIOIC ACID, DINITRILE",9999.0,9999.0,9999.0,9999.0
CCCCCCCCCCCC,DODECANE,9999.0,9999.0,9999.0,9999.0
CCCCCCCCCCCCCCCCCCC(CCCCCCCCCCCCCCCCCC)CCCCC(CCCCCCCCCCCCCCCCCC)CCCCCCCCCCCCCCCCCC,"DOTETRACONTANE, 19,24-DIOCTADECYL",9999.0,9999.0,9999.0,9999.0
CCCCCCCCCCCCCCCCCCCCCCCCCCCCCCCC,DOTRIACONTANE,9999.0,9999.0,9999.0,9999.0
CCCCCCCCCCCCCCCCCCCC,EICOSANE,9999.0,9999.0,9999.0,9999.0
CC[Te]CC,"ETHANE, 1,1'-TELLUROBIS",9999.0,9999.0,9999.0,9999.0
FCC(F)(F)F,"ETHANE, 1,1,1,2-TETRAFLUORO",9999.0,9999.0,9999.0,9999.0
CC(Cl)(Cl)Cl,"ETHANE, 1,1,1-TRICHLORO",9999.0,9999.0,9999.0,9999.0
BrC(Br)C(Br)Br,"ETHANE, 1,1,2,2-TETRABROMO",9999.0,9999.0,9999.0,9999.0
ClC(Cl)C(Cl)Cl,"ETHANE, 1,1,2,2-TETRACHLORO",9999.0,9999.0,9999.0,9999.0
FC(F)(Cl)C(F)(Cl)Cl,"ETHANE, 1,1,2-TRICHLORO, 1,2,2-TRIFLUORO",9999.0,9999.0,9999.0,9999.0
ClCC(Cl)Cl,"ETHANE, 1,1,2-TRICHLORO",9999.0,9999.0,9999.0,9999.0
CC(Cl)Cl,"ETHANE, 1,1-DICHLORO",9999.0,9999.0,9999.0,9999.0
CCOC(C)OCC,"ETHANE, 1,1-DIETHOXY",9999.0,9999.0,9999.0,9999.0
CC(F)F,"ETHANE, 1,1-DIFLUORO",9999.0,9999.0,9999.0,9999.0
CC(c1ccccc1)c1ccccc1,"ETHANE, 1,1-DIPHENYL",9999.0,9999.0,9999.0,9999.0
N#CCCNCCNCCC#N,"ETHANE, 1,2-DIAMINO-BIS-(DI-2-CYANOETHYL) ETHER",9999.0,9999.0,9999.0,9999.0
NCCN,"ETHANE, 1,2-DIAMINO",9999.0,9999.0,9999.0,9999.0
BrCCBr,"ETHANE, 1,2-DIBROMO",9999.0,9999.0,9999.0,9999.0
ClCCCl,"ETHANE, 1,2-DICHLORO",9999.0,9999.0,9999.0,9999.0
COCCOC,"ETHANE, 1,2-DIMETHOXY",9999.0,9999.0,9999.0,9999.0
c1ccc(CCc2ccccc2)cc1,"ETHANE, 1,2-DIPHENYL",9999.0,9999.0,9999.0,9999.0
FC(F)(F)C(Cl)Br,"ETHANE, 1-BROMO, 1-CHLORO, 2,2,2-TRIFLUORO",9999.0,9999.0,9999.0,9999.0
FC(Cl)C(F)(F)Br,"ETHANE, 1-BROMO, 2-CHLORO, 1,1,2-TRIFLUORO",9999.0,9999.0,9999.0,9999.0
CCBr,"ETHANE, BROMO",9999.0,9999.0,9999.0,9999.0
CCCl,"ETHANE, CHLORO",9999.0,9999.0,9999.0,9999.0
CC[N+](=O)[O-],"ETHANE, NITRO",9999.0,9999.0,9999.0,9999.0
OCC(F)(F)F,"ETHANOL, 2,2,2-TRIFLUORO",9999.0,9999.0,9999.0,9999.0
NCCO,"ETHANOL, 2-AMINO",9999.0,9999.0,9999.0,9999.0
OCCCl,"ETHANOL, 2-CHLORO",9999.0,9999.0,9999.0,9999.0
OCCS,"ETHANOL, 2-MERCAPTO",9999.0,9999.0,9999.0,9999.0
COCCO,"ETHANOL, 2-METHOXY",9999.0,9999.0,9999.0,9999.0
O=[N+]([O-])CCO,"ETHANOL, 2-NITRO",9999.0,9999.0,9999.0,9999.0
OCCc1ccccc1,"ETHANOL, 2-PHENYL",9999.0,9999.0,9999.0,9999.0
CCO,ETHANOL,9999.0,9999.0,9999.0,9999.0
CC(=O)c1cccc2ccccc12,"ETHANONE, 1-(1-NAPHTHALENYL)",9999.0,9999.0,9999.0,9999.0
C=C(Cl)Cl,"ETHENE, 1,1-DICHLORO",9999.0,9999.0,9999.0,9999.0
Cl/C=C\Cl,"ETHENE, 1,2-DICHLORO(CIS)",9999.0,9999.0,9999.0,9999.0
Cl/C=C/Cl,"ETHENE, 1,2-DICHLORO(TRANS)",9999.0,9999.0,9999.0,9999.0
C=CBr,"ETHENE, BROMO",9999.0,9999.0,9999.0,9999.0
ClC(Cl)=C(Cl)Cl,"ETHENE, TETRACHLORO",9999.0,9999.0,9999.0,9999.0
ClC=C(Cl)Cl,"ETHENE, TRICHLORO",9999.0,9999.0,9999.0,9999.0
Fc1c(F)c(F)c(Oc2c(F)c(F)c(F)c(F)c2F)c(F)c1F,"ETHER, BIS(PENTAFLUOROPHENYL)",9999.0,9999.0,9999.0,9999.0
Fc1c(F)c(C(F)(F)F)c(F)c(F)c1Oc1c(F)c(F)c(C(F)(F)F)c(F)c1F,"ETHER, BIS[2,3,5,6-TETRAFLUORO-4-(TRIFLUOROMETHYL)]",9999.0,9999.0,9999.0,9999.0
c1ccc(COCc2ccccc2)cc1,"ETHER, DIBENZYL",9999.0,9999.0,9999.0,9999.0
CCCCOCCCC,"ETHER, DIBUTYL",9999.0,9999.0,9999.0,9999.0
CCOCC,"ETHER, DIETHYL",9999.0,9999.0,9999.0,9999.0
CC(C)OC(C)C,"ETHER, DIISOPROPYL",9999.0,9999.0,9999.0,9999.0
COC,"ETHER, DIMETHYL",9999.0,9999.0,9999.0,9999.0
CCCCCCCCOCCCCCCCC,"ETHER, DIOCTYL",9999.0,9999.0,9999.0,9999.0
c1ccc(Oc2ccccc2)cc1,"ETHER, DIPHENYL",9999.0,9999.0,9999.0,9999.0
CCCOCCC,"ETHER, DIPROPYL",9999.0,9999.0,9999.0,9999.0
CCC(C)(C)OC,"ETHER, METHYL TERT.PENTYL",9999.0,9999.0,9999.0,9999.0
CCOC(C)(C)C,"ETHER, TERT. BUTYL ETHYL",9999.0,9999.0,9999.0,9999.0
COC(C)(C)C,"ETHER, TERT.BUTYL METHYL",9999.0,9999.0,9999.0,9999.0
COCCN,"ETHYLAMINE, 2-METHOXY",9999.0,9999.0,9999.0,9999.0
C(#Cc1ccccc1)c1ccccc1,"ETHYNE, DIPHENYL",9999.0,9999.0,9999.0,9999.0
c1ccc2c(c1)Cc1ccccc1-2,FLUORENE,9999.0,9999.0,9999.0,9999.0
CCCCN(C=O)CCCC,"FORMIC ACID, AMIDE, N,N-DIBUTYL",9999.0,9999.0,9999.0,9999.0
CCN(C=O)CC,"FORMIC ACID, AMIDE, N,N-DIETHYL",9999.0,9999.0,9999.0,9999.0
CN(C)C=O,"FORMIC ACID, AMIDE, N,N-DIMETHYL",9999.0,9999.0,9999.0,9999.0
O=CN(c1ccccc1)c1ccccc1,"FORMIC ACID, AMIDE, N,N-DIPHENYL",9999.0,9999.0,9999.0,9999.0
CCNC=O,"FORMIC ACID, AMIDE, N-ETHYL",9999.0,9999.0,9999.0,9999.0
CC(C)NC=O,"FORMIC ACID, AMIDE, N-ISOPROPYL",9999.0,9999.0,9999.0,9999.0
CNC=O,"FORMIC ACID, AMIDE, N-METHYL",9999.0,9999.0,9999.0,9999.0
NC=O,"FORMIC ACID, AMIDE",9999.0,9999.0,9999.0,9999.0
CCOC=O,"FORMIC ACID, ETHYL ESTER",9999.0,9999.0,9999.0,9999.0
CCOC(=O)/C=C/C(=O)OCC,"FUMARIC ACID, DIETHYL ESTER",9999.0,9999.0,9999.0,9999.0
N#C/C=C/C#N,"FUMARIC ACID, NITRILE",9999.0,9999.0,9999.0,9999.0
NCc1ccco1,"FURAN, 2(AMINOMETHYL)",9999.0,9999.0,9999.0,9999.0
COc1ccco1,"FURAN, 2-METHOXY",9999.0,9999.0,9999.0,9999.0
Cc1occc1[N+](=O)[O-],"FURAN, 2-METHYL, 3-NITRO",9999.0,9999.0,9999.0,9999.0
Cc1ccc([N+](=O)[O-])o1,"FURAN, 2-METHYL, 5-NITRO",9999.0,9999.0,9999.0,9999.0
O=[N+]([O-])c1ccco1,"FURAN, 2-NITRO",9999.0,9999.0,9999.0,9999.0
N#CC1CCCO1,"FURAN, TETRAHYDRO, 2-CYANO",9999.0,9999.0,9999.0,9999.0
C1CCOC1,"FURAN, TETRAHYDRO",9999.0,9999.0,9999.0,9999.0
Cc1nonc1C,"FURAZAN, 3,4-DIMETHYL",9999.0,9999.0,9999.0,9999.0
Cc1ccc(C=O)o1,"FURFURAL, 5-METHYL",9999.0,9999.0,9999.0,9999.0
O=Cc1ccc([N+](=O)[O-])o1,"FURFURAL, 5-NITRO",9999.0,9999.0,9999.0,9999.0
O=CC1CCCO1,"FURFURAL, TETRAHYDRO",9999.0,9999.0,9999.0,9999.0
O=Cc1ccco1,FURFURAL,9999.0,9999.0,9999.0,9999.0
OCC(O)CO,GLYCEROL,9999.0,9999.0,9999.0,9999.0
CCCCCCCCCCC(=O)Oc1ccc(N=Nc2ccc(OCC)cc2)cc1,"HENDECANOIC ACID, 4(4'-ETHOXYPHENYLAZO) PHENYL",9999.0,9999.0,9999.0,9999.0
CCCCCCCCCCCCCCCCCCCCC,HENEICOSANE,9999.0,9999.0,9999.0,9999.0
CCCCCCCCCCCCCCCCC,HEPTADECANE,9999.0,9999.0,9999.0,9999.0
CCCCCCCCCCCCCCCCC#N,"HEPTADECANOIC ACID, NITRILE",9999.0,9999.0,9999.0,9999.0
CCCCCCC=O,HEPTANAL,9999.0,9999.0,9999.0,9999.0
CC(C)CCCC(C)C,"HEPTANE, 2,6-DIMETHYL",9999.0,9999.0,9999.0,9999.0
FC(F)(F)C(F)(F)C(F)(F)C(F)(F)C(F)(F)C(F)(F)C(F)(F)F,"HEPTANE, PERFLUORO",9999.0,9999.0,9999.0,9999.0
N#CCCCCCC#N,"HEPTANEDIOIC ACID, DINITRILE",9999.0,9999.0,9999.0,9999.0
CCCCCCCCOC(=O)CCCCCC(=O)OCCCCCCCC,"HEPTANEDIOIC ACID, DIOCTYL ESTER",9999.0,9999.0,9999.0,9999.0
O=C(O)CCCCCC(=O)O,HEPTANEDIOIC ACID,9999.0,9999.0,9999.0,9999.0
CCCCCCC,HEPTANE,9999.0,9999.0,9999.0,9999.0
CCCCCCC#N,"HEPTANOIC ACID, NITRILE",9999.0,9999.0,9999.0,9999.0
CCCCCCCCCCCCCCCCN,"HEXADECANE, 1-AMINO",9999.0,9999.0,9999.0,9999.0
CCCCCCCCCCCCCCCCBr,"HEXADECANE, 1-BROMO",9999.0,9999.0,9999.0,9999.0
CCCCCCCCCCCCCCCCCl,"HEXADECANE, 1-CHLORO",9999.0,9999.0,9999.0,9999.0
CCCCCCCCCCCCCCCCI,"HEXADECANE, 1-IODO",9999.0,9999.0,9999.0,9999.0
CCCCCCCCCCCCCCCC,HEXADECANE,9999.0,9999.0,9999.0,9999.0
CCCCCCCCCCCCCCCC(=O)OCC(COC(=O)CCCCCCCCCCCCCCC)OC(=O)CCCCCCCCCCCCCCC,"HEXADECANOIC ACID, 1,2,3-PROPANETRIYL ESTER",9999.0,9999.0,9999.0,9999.0
CCCCCCCCCCCCCCCC(=O)O,HEXADECANOIC ACID,9999.0,9999.0,9999.0,9999.0
O=C1CCCCCO1,"HEXAMETHYLENE OXIDE, 2-OXO",9999.0,9999.0,9999.0,9999.0
CCCCCCCl,"HEXANE, 1-CHLORO",9999.0,9999.0,9999.0,9999.0
CC(C)CCC(C)(C)C,"HEXANE, 2,2,5-TRIMETHYL",9999.0,9999.0,9999.0,9999.0
CCC(C)CC(C)C,"HEXANE, 2,4-DIMETHYL",9999.0,9999.0,9999.0,9999.0
CCCCC(C)C,"HEXANE, 2-METHYL",9999.0,9999.0,9999.0,9999.0
CCCC(C)CC,"HEXANE, 3-METHYL",9999.0,9999.0,9999.0,9999.0
FC(F)(F)C(F)(F)C(F)(F)C(F)(F)C(F)(F)C(F)(F)F,"HEXANE, PERFLUORO",9999.0,9999.0,9999.0,9999.0
CCCCC(CC)COC(=O)CCCCC(=O)OCC(CC)CCCC,"HEXANEDIOIC ACID, DI(2-ETHYLHEXYL) ESTER",9999.0,9999.0,9999.0,9999.0
CCCCOC(=O)CCCCC(=O)OCCCC,"HEXANEDIOIC ACID, DIBUTYL ESTER",9999.0,9999.0,9999.0,9999.0
CCCCCCOC(=O)CCCCC(=O)OCCCCCC,"HEXANEDIOIC ACID, DIHEXYL ESTER",9999.0,9999.0,9999.0,9999.0
N#CCCCCC#N,"HEXANEDIOIC ACID, DINITRILE",9999.0,9999.0,9999.0,9999.0
CCCCCCCCOC(=O)CCCCC(=O)OCCCCCCCC,"HEXANEDIOIC ACID, DIOCTYL ESTER",9999.0,9999.0,9999.0,9999.0
CCCCCC,HEXANE,9999.0,9999.0,9999.0,9999.0
CCCCC(CC)C(=O)N(CCCC)CCCC,"HEXANOIC ACID, 2-ETHYL, AMIDE, N,N-DIBUTYL",9999.0,9999.0,9999.0,9999.0
CC(=O)CCCC#N,"HEXANOIC ACID, 5-OXO, NITRILE",9999.0,9999.0,9999.0,9999.0
O=C1CCCCCN1,"HEXANOIC ACID, 6-AMINO, CYCLIC LACTAM",9999.0,9999.0,9999.0,9999.0
CCN1CCCCCC1=O,"HEXANOIC ACID, 6-AMINO, LACTAM, N-ETHYL",9999.0,9999.0,9999.0,9999.0
CN1CCCCCC1=O,"HEXANOIC ACID, 6-AMINO, LACTAM, N-METHYL",9999.0,9999.0,9999.0,9999.0
CCCCCC#N,"HEXANOIC ACID, NITRILE",9999.0,9999.0,9999.0,9999.0
CCCCCCCCCCCCCCCCCCCCCCCCCCCCCCCCCCCC,HEXATRIACONTANE,9999.0,9999.0,9999.0,9999.0
C1=Cc2ccccc2C1,INDENE,9999.0,9999.0,9999.0,9999.0
CCCCN=C=O,"ISOCYANIC ACID, BUTYL ESTER",9999.0,9999.0,9999.0,9999.0
O=C=NCCCCCCN=C=O,"ISOCYANIC ACID, HEXAMETHYLENE ESTER",9999.0,9999.0,9999.0,9999.0
c1ccc2cnccc2c1,ISOQUINOLINE,9999.0,9999.0,9999.0,9999.0
Cc1cc(C)on1,"ISOXAZOLE, 3,5-DIMETHYL",9999.0,9999.0,9999.0,9999.0
Cc1oncc1[N+](=O)[O-],"ISOXAZOLE, 5-METHYL, 4-NITRO",9999.0,9999.0,9999.0,9999.0
Cc1ccno1,"ISOXAZOLE, 5-METHYL",9999.0,9999.0,9999.0,9999.0
CCCCOC(=O)/C=C\C(=O)OCCCC,"MALEIC ACID, DIBUTYL ESTER",9999.0,9999.0,9999.0,9999.0
CCOC(=O)/C=C\C(=O)OCC,"MALEIC ACID, DIETHYL ESTER",9999.0,9999.0,9999.0,9999.0
COC(=O)/C=C\C(=O)OC,"MALEIC ACID, DIMETHYL ESTER",9999.0,9999.0,9999.0,9999.0
N#C/C=C\C#N,"MALEIC ACID, DINITRILE",9999.0,9999.0,9999.0,9999.0
CCCCCCCCCCOC(=O)CC(=O)OCCCCCCCCCC,"MALONIC ACID, DIDECYL ESTER",9999.0,9999.0,9999.0,9999.0
CCOC(=O)CC(=O)OCC,"MALONIC ACID, DIETHYL ESTER",9999.0,9999.0,9999.0,9999.0
COC(=O)CC(=O)OC,"MALONIC ACID, DIMETHYL ESTER",9999.0,9999.0,9999.0,9999.0
N#CCC#N,"MALONIC ACID, DINITRILE",9999.0,9999.0,9999.0,9999.0
COC(=O)CC#N,"MALONIC ACID, MONOMETHYL ESTER, MONONITRILE",9999.0,9999.0,9999.0,9999.0
ClCCl,"METHANE, DICHLORO",9999.0,9999.0,9999.0,9999.0
CCOCOCC,"METHANE, DIETHOXY",9999.0,9999.0,9999.0,9999.0
ICI,"METHANE, DIIODO",9999.0,9999.0,9999.0,9999.0
c1ccc(Cc2ccccc2)cc1,"METHANE, DIPHENYL",9999.0,9999.0,9999.0,9999.0
CI,"METHANE, IODO",9999.0,9999.0,9999.0,9999.0
C[N+](=O)[O-],"METHANE, NITRO",9999.0,9999.0,9999.0,9999.0
BrC(Br)(Br)Br,"METHANE, TETRABROMO",9999.0,9999.0,9999.0,9999.0
ClC(Cl)(Cl)Cl,"METHANE, TETRACHLORO",9999.0,9999.0,9999.0,9999.0
BrC(Br)Br,"METHANE, TRIBROMO",9999.0,9999.0,9999.0,9999.0
ClC(Cl)Cl,"METHANE, TRICHLORO",9999.0,9999.0,9999.0,9999.0
CN(C)CN(C)C,"METHANEDIAMINE, N,N,N',N'-TETRAMETHYL",9999.0,9999.0,9999.0,9999.0
CC(=O)OCOC(C)=O,"METHANEDIOL, DIACETATE",9999.0,9999.0,9999.0,9999.0
CNS(C)(=O)=O,"METHANESULFONIC ACID, AMIDE, N-METHYL",9999.0,9999.0,9999.0,9999.0
OCc1ccco1,"METHANOL, (2-FURYL)",9999.0,9999.0,9999.0,9999.0
O=[N+]([O-])c1ccc(CO)o1,"METHANOL, (2-FURYL, 5-NITRO)",9999.0,9999.0,9999.0,9999.0
OCC1CCCO1,"METHANOL, (2-TETRAHYDROFURYL)",9999.0,9999.0,9999.0,9999.0
CO,METHANOL,9999.0,9999.0,9999.0,9999.0
N#CN1CCOCC1,"MORPHOLINE, 4-CYANO",9999.0,9999.0,9999.0,9999.0
CN1CCOC(=O)C1,"MORPHOLINE, 4-METHYL, 2-OXO",9999.0,9999.0,9999.0,9999.0
O=NN1CCOCC1,"MORPHOLINE, 4-NITROSO",9999.0,9999.0,9999.0,9999.0
CC(=O)N1CCOCC1,"MORPHOLINE, N-ACETYL",9999.0,9999.0,9999.0,9999.0
C1COCCN1,MORPHOLINE,9999.0,9999.0,9999.0,9999.0
CN1CCOCC1=O,"MORPHOLINONE, 4-METHYL, 3-OXO",9999.0,9999.0,9999.0,9999.0
CN(C)c1cccc2ccccc12,"NAPHTHALENE, 1(DIMETHYLAMINO)",9999.0,9999.0,9999.0,9999.0
Cc1ccc2ccccc2c1C,"NAPHTHALENE, 1,2-DIMETHYL",9999.0,9999.0,9999.0,9999.0
Cc1ccc(C)c2ccccc12,"NAPHTHALENE, 1,4-DIMETHYL",9999.0,9999.0,9999.0,9999.0
Nc1cccc2ccccc12,"NAPHTHALENE, 1-AMINO",9999.0,9999.0,9999.0,9999.0
Brc1cccc2ccccc12,"NAPHTHALENE, 1-BROMO",9999.0,9999.0,9999.0,9999.0
Clc1cccc2ccccc12,"NAPHTHALENE, 1-CHLORO",9999.0,9999.0,9999.0,9999.0
CCCCCCc1cccc2ccccc12,"NAPHTHALENE, 1-HEXYL",9999.0,9999.0,9999.0,9999.0
Oc1cccc2ccccc12,"NAPHTHALENE, 1-HYDROXY",9999.0,9999.0,9999.0,9999.0
Cc1cccc2ccccc12,"NAPHTHALENE, 1-METHYL",9999.0,9999.0,9999.0,9999.0
O=[N+]([O-])c1cccc2ccccc12,"NAPHTHALENE, 1-NITRO",9999.0,9999.0,9999.0,9999.0
Clc1ccc2ccccc2c1,"NAPHTHALENE, 2-CHLORO",9999.0,9999.0,9999.0,9999.0
CCOc1ccc2ccccc2c1,"NAPHTHALENE, 2-ETHOXY",9999.0,9999.0,9999.0,9999.0
c1ccc2ccccc2c1,NAPHTHALENE,9999.0,9999.0,9999.0,9999.0
CCCCCCCCCCCCCCCCCCCc1ccccc1,"NONADECANE, 1-PHENYL",9999.0,9999.0,9999.0,9999.0
CCCCCCCCCCCCCCCCCCC,NONADECANE,9999.0,9999.0,9999.0,9999.0
CCCCCCCCCBr,"NONANE, 1-BROMO",9999.0,9999.0,9999.0,9999.0
CCCCCCCCCCl,"NONANE, 1-CHLORO",9999.0,9999.0,9999.0,9999.0
CCCCCCCOC(=O)CCCCCCCC(=O)OCCCCCCC,"NONANEDIOIC ACID, DIHEPTYL ESTER",9999.0,9999.0,9999.0,9999.0
CCCCCCCCC,NONANE,9999.0,9999.0,9999.0,9999.0
CCCCCCCCC(=O)OC,"NONANOIC ACID, METHYL ESTER",9999.0,9999.0,9999.0,9999.0
CCCCCCCCC#N,"NONANOIC ACID, NITRILE",9999.0,9999.0,9999.0,9999.0
CCCCCCCCC(=O)O,NONANOIC ACID,9999.0,9999.0,9999.0,9999.0
CCCCCCCCCCCCCCCCCCCCCCCCCCCC,OCTACOSANE,9999.0,9999.0,9999.0,9999.0
CCCCCCCCCCCCCCCCCCCl,"OCTADECANE, 1-CHLORO",9999.0,9999.0,9999.0,9999.0
CCCCCCCCCCCCCCCCCC,OCTADECANE,9999.0,9999.0,9999.0,9999.0
CCCCCCCCCCCCCCCCCC(N)=O,"OCTADECANOIC ACID, AMIDE",9999.0,9999.0,9999.0,9999.0
CCCCCCCCCCCCCCCCCC(=O)Cl,"OCTADECANOIC ACID, CHLORIDE",9999.0,9999.0,9999.0,9999.0
CCCCCCCCCCCCCCCCCC(=O)OCC,"OCTADECANOIC ACID, ETHYL ESTER",9999.0,9999.0,9999.0,9999.0
CCCCCCCCCCCCCCCCCC(=O)O,OCTADECANOIC ACID,9999.0,9999.0,9999.0,9999.0
CC(C)CCCCC(C)C,"OCTANE, 2,7-DIMETHYL",9999.0,9999.0,9999.0,9999.0
CCCCCCC(C)C1CCCC1,"OCTANE, 2-CYCLOPENTYL",9999.0,9999.0,9999.0,9999.0
CCCCCCC(C)C,"OCTANE, 2-METHYL",9999.0,9999.0,9999.0,9999.0
CCCCCC(C)CC,"OCTANE, 3-METHYL",9999.0,9999.0,9999.0,9999.0
FC(F)(F)C(F)(F)C(F)(F)C(F)(F)C(F)(F)C(F)(F)C(F)(F)C(F)(F)F,"OCTANE, OCTADECAFLUORO",9999.0,9999.0,9999.0,9999.0
CCCCCCCOC(=O)CCCCCCC(=O)OCCCCCCC,"OCTANEDIOIC ACID, DIHEPTYL ESTER",9999.0,9999.0,9999.0,9999.0
CCCCCCOC(=O)CCCCCCC(=O)OCCCCCC,"OCTANEDIOIC ACID, DIHEXYL ESTER",9999.0,9999.0,9999.0,9999.0
N#CCCCCCCC#N,"OCTANEDIOIC ACID, DINITRILE",9999.0,9999.0,9999.0,9999.0
CCCCCCCC,OCTANE,9999.0,9999.0,9999.0,9999.0
CCCCCCCC(=O)OCC(COC(=O)CCCCCCC)OC(=O)CCCCCCC,"OCTANOIC ACID, 1,2,3-PROPANETRIYL ESTER",9999.0,9999.0,9999.0,9999.0
CCOC(=O)C(F)(F)C(F)(Cl)C(F)(F)C(F)(Cl)C(F)(F)C(F)(Cl)C(F)(F)Cl,"OCTANOIC ACID, 1,2,4,6-TETRACHLORO, PERFLUORO, ETHYL ESTER",9999.0,9999.0,9999.0,9999.0
CCCCCCCC(=O)OCC,"OCTANOIC ACID, ETHYL ESTER",9999.0,9999.0,9999.0,9999.0
CCCCCCCC#N,"OCTANOIC ACID, NITRILE",9999.0,9999.0,9999.0,9999.0
CCCCCCCC(=O)O,OCTANOIC ACID,9999.0,9999.0,9999.0,9999.0
CCCCCCCCCCOC(=O)C(=O)OCCCCCCCCCC,"OXALIC ACID, DIDECYL ESTER",9999.0,9999.0,9999.0,9999.0
CCOC(=O)C(=O)OCC,"OXALIC ACID, DIETHYL ESTER",9999.0,9999.0,9999.0,9999.0
CCC(=O)N1CCOC1,"OXAZOLIDINE, 3-(1-OXOPROPYL)",9999.0,9999.0,9999.0,9999.0
CC(=O)N1CCOC1,"OXAZOLIDINE, 3-ACETYL",9999.0,9999.0,9999.0,9999.0
CCCCCCCCCCCCCCCc1ccccc1,"PENTADECANE, 1-PHENYL",9999.0,9999.0,9999.0,9999.0
CCCCCCCCCCCCCCC,PENTADECANE,9999.0,9999.0,9999.0,9999.0
CCCCCCCCCCCCCCC#N,"PENTADECANOIC ACID, NITRILE",9999.0,9999.0,9999.0,9999.0
CCCCCCl,"PENTANE, 1-CHLORO",9999.0,9999.0,9999.0,9999.0
CC(C)CC(C)(C)C,"PENTANE, 2,2,4-TRIMETHYL",9999.0,9999.0,9999.0,9999.0
CC(C)C(C)C(C)C,"PENTANE, 2,3,4-TRIMETHYL",9999.0,9999.0,9999.0,9999.0
CC(C)CC(C)C,"PENTANE, 2,4-DIMETHYL",9999.0,9999.0,9999.0,9999.0
CCCC(C)C,"PENTANE, 2-METHYL",9999.0,9999.0,9999.0,9999.0
CCC(C)CC,"PENTANE, 3-METHYL",9999.0,9999.0,9999.0,9999.0
COC(=O)CC(=O)CC(=O)OC,"PENTANEDIOIC ACID, 3-OXO, DIMETHYL ESTER",9999.0,9999.0,9999.0,9999.0
CCOC(=O)CCCC(=O)OCC,"PENTANEDIOIC ACID, DIETHYL ESTER",9999.0,9999.0,9999.0,9999.0
COC(=O)CCCC(=O)OC,"PENTANEDIOIC ACID, DIMETHYL ESTER",9999.0,9999.0,9999.0,9999.0
N#CCCCC#N,"PENTANEDIOIC ACID, DINITRILE",9999.0,9999.0,9999.0,9999.0
CCCCCCCCCOC(=O)CCCC(=O)OCCCCCCCCC,"PENTANEDIOIC ACID, DINONYL ESTER",9999.0,9999.0,9999.0,9999.0
CC(C#N)CCC#N,"PENTANEDIOIC ACID, METHYL, DINITRILE",9999.0,9999.0,9999.0,9999.0
C=C(C#N)CCC#N,"PENTANEDIOIC ACID, METHYLENE, DINITRILE",9999.0,9999.0,9999.0,9999.0
O=C1CCCC(=O)O1,PENTANEDIOIC ANHYDRIDE,9999.0,9999.0,9999.0,9999.0
CCCCC,PENTANE,9999.0,9999.0,9999.0,9999.0
CC(=O)CCC#N,"PENTANOIC ACID, 4-OXO, NITRILE",9999.0,9999.0,9999.0,9999.0
CCCCC#N,"PENTANOIC ACID, NITRILE",9999.0,9999.0,9999.0,9999.0
CCCCCCCCCCCCCCCCCCCCCCCCCCCCCCCCCCC,PENTATRIACONTANE,9999.0,9999.0,9999.0,9999.0
c1ccc2c(c1)CCc1ccccc1-2,"PHENANTHRENE, 9,10-DIHYDRO",9999.0,9999.0,9999.0,9999.0
c1ccc2c(c1)ccc1ccccc12,PHENANTHRENE,9999.0,9999.0,9999.0,9999.0
COc1ccccc1O,"PHENOL, 2-METHOXY",9999.0,9999.0,9999.0,9999.0
O=[N+]([O-])c1ccccc1O,"PHENOL, 2-NITRO",9999.0,9999.0,9999.0,9999.0
Oc1cccc(OC(F)F)c1,"PHENOL, 3-(DIFLUOROMETHOXY)",9999.0,9999.0,9999.0,9999.0
Oc1cccc(C(F)(F)F)c1,"PHENOL, 3-(TRIFLUOROMETHYL)",9999.0,9999.0,9999.0,9999.0
Oc1ccc(F)cc1,"PHENOL, 4-FLUORO",9999.0,9999.0,9999.0,9999.0
Oc1c(F)c(F)c(F)c(F)c1F,"PHENOL, PENTAFLUORO",9999.0,9999.0,9999.0,9999.0
Oc1ccccc1,PHENOL,9999.0,9999.0,9999.0,9999.0
CCCCC(CC)COP(=O)(O)OCC(CC)CCCC,"PHOSPHORIC ACID, BIS(2-ETHYLHEXYL) ESTER",9999.0,9999.0,9999.0,9999.0
CCCCOP(=O)(O)O,"PHOSPHORIC ACID, BUTYL ESTER",9999.0,9999.0,9999.0,9999.0
CCCCOP(=O)(O)OCCCC,"PHOSPHORIC ACID, DIBUTYL ESTER",9999.0,9999.0,9999.0,9999.0
COP(=O)(Oc1ccccc1)Oc1ccccc1,"PHOSPHORIC ACID, METHYL DIPHENYL ESTER",9999.0,9999.0,9999.0,9999.0
CN(C)P(=O)(N(C)C)N(C)C,"PHOSPHORIC ACID, TRIAMIDE, HEXAMETHYL",9999.0,9999.0,9999.0,9999.0
CCCCOP(=O)(OCCCC)OCCCC,"PHOSPHORIC ACID, TRIBUTYL ESTER",9999.0,9999.0,9999.0,9999.0
CCOP(=O)(OCC)OCC,"PHOSPHORIC ACID, TRIETHYL ESTER",9999.0,9999.0,9999.0,9999.0
COP(=O)(OC)OC,"PHOSPHORIC ACID, TRIMETHYL ESTER",9999.0,9999.0,9999.0,9999.0
O=P(Oc1ccccc1)(Oc1ccccc1)Oc1ccccc1,"PHOSPHORIC ACID, TRIPHENYL ESTER",9999.0,9999.0,9999.0,9999.0
CCCCOCCOP(=O)(OCCOCCCC)OCCOCCCC,"PHOSPHORIC ACID, TRIS(2-BUTOXYETHYL) ESTER",9999.0,9999.0,9999.0,9999.0
CCCCC(CC)COP(=O)(OCC(CC)CCCC)OCC(CC)CCCC,"PHOSPHORIC ACID, TRIS(2-ETHYLHEXYL) ESTER",9999.0,9999.0,9999.0,9999.0
Cc1ccc(OP(=O)(Oc2ccc(C)cc2C)Oc2ccc(C)cc2C)c(C)c1,"PHOSPHORIC ACID, TRIS(DIMETHYLPHENYL) ESTER",9999.0,9999.0,9999.0,9999.0
CCCCCCOC(=O)c1ccc([N+](=O)[O-])cc1C(=O)OCCCCCC,"PHTHALIC ACID, 4-NITRO, DIHEXYL ESTER",9999.0,9999.0,9999.0,9999.0
CCCCOC(=O)c1ccccc1C(=O)OCc1ccccc1,"PHTHALIC ACID, BENZYL BUTYL ESTER",9999.0,9999.0,9999.0,9999.0
CCCCOC(=O)COC(=O)c1ccccc1C(=O)COC(=O)OCCCC,"PHTHALIC ACID, BIS(2-BUTOXY-2-OXOETHYL) ESTER",9999.0,9999.0,9999.0,9999.0
CCCCOC(=O)c1ccccc1C(=O)OCC(CC)CCCC,"PHTHALIC ACID, BUTYL, ETHYLHEXYL ESTER",9999.0,9999.0,9999.0,9999.0
CCCCC(CC)COC(=O)c1ccccc1C(=O)OCC(CC)CCCC,"PHTHALIC ACID, DI(2-ETHYLHEXYL) ESTER",9999.0,9999.0,9999.0,9999.0
COCCOC(=O)c1ccccc1C(=O)OCCOC,"PHTHALIC ACID, DI(2-METHOXYETHYL) ESTER",9999.0,9999.0,9999.0,9999.0
O=C(OCCc1ccccc1)c1ccccc1C(=O)OCCc1ccccc1,"PHTHALIC ACID, DI(2-PHENYLETHYL) ESTER",9999.0,9999.0,9999.0,9999.0
C=CCOC(=O)c1ccccc1C(=O)OCC=C,"PHTHALIC ACID, DI(2-PROPENYL) ESTER",9999.0,9999.0,9999.0,9999.0
O=C(OCCCc1ccccc1)c1ccccc1C(=O)OCCCc1ccccc1,"PHTHALIC ACID, DI(3-PHENYLPROPYL) ESTER",9999.0,9999.0,9999.0,9999.0
CCC(C)OC(=O)c1ccccc1C(=O)OC(C)CC,"PHTHALIC ACID, DI(SEC.BUTYL) ESTER",9999.0,9999.0,9999.0,9999.0
O=C(OCc1ccccc1)c1ccccc1C(=O)OCc1ccccc1,"PHTHALIC ACID, DIBENZYL ESTER",9999.0,9999.0,9999.0,9999.0
CC1(C)C2CCC1(C)C(OC(=O)c1ccccc1C(=O)OC1CC3CCC1(C)C3(C)C)C2,"PHTHALIC ACID, DIBORNYL ESTER",9999.0,9999.0,9999.0,9999.0
CCCCOC(=O)c1ccccc1C(=O)OCCCC,"PHTHALIC ACID, DIBUTYL ESTER",9999.0,9999.0,9999.0,9999.0
O=C(OC1CCCCC1)c1ccccc1C(=O)OC1CCCCC1,"PHTHALIC ACID, DICYCLOHEXYL ESTER",9999.0,9999.0,9999.0,9999.0
CCCCCCCCCCOC(=O)c1ccccc1C(=O)OCCCCCCCCCC,"PHTHALIC ACID, DIDECYL ESTER",9999.0,9999.0,9999.0,9999.0
CCOC(=O)c1ccccc1C(=O)OCC,"PHTHALIC ACID, DIETHYL ESTER",9999.0,9999.0,9999.0,9999.0
CCCCCCCOC(=O)c1ccccc1C(=O)OCCCCCCC,"PHTHALIC ACID, DIHEPTYL ESTER",9999.0,9999.0,9999.0,9999.0
CCCCCCOC(=O)c1ccccc1C(=O)OCCCCCC,"PHTHALIC ACID, DIHEXYL ESTER",9999.0,9999.0,9999.0,9999.0
CC(C)COC(=O)c1ccccc1C(=O)OCC(C)C,"PHTHALIC ACID, DIISOBUTYL ESTER",9999.0,9999.0,9999.0,9999.0
CC(C)CCCCCCCOC(=O)c1ccccc1C(=O)OCCCCCCCC(C)C,"PHTHALIC ACID, DIISODECYL ESTER",9999.0,9999.0,9999.0,9999.0
CC(C)OC(=O)c1ccccc1C(=O)OC(C)C,"PHTHALIC ACID, DIISOPROPYL ESTER",9999.0,9999.0,9999.0,9999.0
CCCCCCCCCOC(=O)c1ccccc1C(=O)OCCCCCCCCC,"PHTHALIC ACID, DINONYL ESTER",9999.0,9999.0,9999.0,9999.0
CCCCCCCCOC(=O)c1ccccc1C(=O)OCCCCCCCC,"PHTHALIC ACID, DIOCTYL ESTER",9999.0,9999.0,9999.0,9999.0
CCCCCOC(=O)c1ccccc1C(=O)OCCCCC,"PHTHALIC ACID, DIPENTYL ESTER",9999.0,9999.0,9999.0,9999.0
O=C(Oc1ccccc1)c1ccccc1C(=O)Oc1ccccc1,"PHTHALIC ACID, DIPHENYL ESTER",9999.0,9999.0,9999.0,9999.0
CCCOC(=O)c1ccccc1C(=O)OCCC,"PHTHALIC ACID, DIPROPYL ESTER",9999.0,9999.0,9999.0,9999.0
CCCCOC(=O)c1c(Cl)c(Cl)c(Cl)c(Cl)c1C(=O)OCCCC,"PHTHALIC ACID, TETRACHLORO, DIBUTYL ESTER",9999.0,9999.0,9999.0,9999.0
CCCCCCCCCOC(=O)c1c(Cl)c(Cl)c(Cl)c(Cl)c1C(=O)OCCCCCCCCC,"PHTHALIC ACID, TETRACHLORO, DINONYL ESTER",9999.0,9999.0,9999.0,9999.0
CCCOC(=O)c1c(Cl)c(Cl)c(C(=O)OCCC)c(Cl)c1Cl,"PHTHALIC ACID, TETRACHLORO, DIPROPYL ESTER",9999.0,9999.0,9999.0,9999.0
CN1CCN(CCC#N)CC1,"PIPERAZINE, 1(2-CYANOETHYL), 4-METHYL",9999.0,9999.0,9999.0,9999.0
CC(=O)N1CCN(C)CC1,"PIPERAZINE, 1-ACETYL, 4-METHYL",9999.0,9999.0,9999.0,9999.0
CN1CCN(C=O)CC1,"PIPERAZINE, 1-FORMYL, 4-METHYL",9999.0,9999.0,9999.0,9999.0
CN1CCN(N=O)CC1,"PIPERAZINE, 1-METHYL, 4-NITROSO",9999.0,9999.0,9999.0,9999.0
CC(=O)N1CCCCC1,"PIPERIDINE, 1-ACETYL",9999.0,9999.0,9999.0,9999.0
N#CN1CCCCC1,"PIPERIDINE, 1-CYANO",9999.0,9999.0,9999.0,9999.0
O=CN1CCCCC1,"PIPERIDINE, 1-FORMYL",9999.0,9999.0,9999.0,9999.0
O=NN1CCCCC1,"PIPERIDINE, 1-NITROSO",9999.0,9999.0,9999.0,9999.0
O=[N+]([O-])N1CCCCC1,"PIPERIDINE, 1-NITRO",9999.0,9999.0,9999.0,9999.0
C1CCNCC1,PIPERIDINE,9999.0,9999.0,9999.0,9999.0
FCC(F)C(F)(F)F,"PROPANE, 1,1,1,2,3-PENTAFLUORO",9999.0,9999.0,9999.0,9999.0
FCC(F)(F)C(F)F,"PROPANE, 1,1,2,2,3-PENTAFLUORO",9999.0,9999.0,9999.0,9999.0
CC(Cl)CCl,"PROPANE, 1,2-DICHLORO",9999.0,9999.0,9999.0,9999.0
NCCCN,"PROPANE, 1,3-DIAMINO",9999.0,9999.0,9999.0,9999.0
CCCBr,"PROPANE, 1-BROMO",9999.0,9999.0,9999.0,9999.0
CCC[N+](=O)[O-],"PROPANE, 1-NITRO",9999.0,9999.0,9999.0,9999.0
CC(C)C,"PROPANE, 2-METHYL",9999.0,9999.0,9999.0,9999.0
CC(C)[N+](=O)[O-],"PROPANE, 2-NITRO",9999.0,9999.0,9999.0,9999.0
CCC,PROPANE,9999.0,9999.0,9999.0,9999.0
CCC(=O)OC(C)C,"PROPANOIC ACID, 1-METHYLETHYL ESTER",9999.0,9999.0,9999.0,9999.0
CC(=O)C(C)C#N,"PROPANOIC ACID, 2-ACETYL, NITRILE",9999.0,9999.0,9999.0,9999.0
CC(=O)OC(C)C#N,"PROPANOIC ACID, 2-HYDROXY, NITRILE, ACETATE",9999.0,9999.0,9999.0,9999.0
CC(C)(O)C(=O)O,"PROPANOIC ACID, 2-HYDROXY-, METHYL ESTER",9999.0,9999.0,9999.0,9999.0
CC(O)C(=O)O,"PROPANOIC ACID, 2-HYDROXY",9999.0,9999.0,9999.0,9999.0
CC(C)C(=O)N(C)C,"PROPANOIC ACID, 2-METHYL, AMIDE, N,N-DIMETHYL",9999.0,9999.0,9999.0,9999.0
CNC(=O)C(C)C,"PROPANOIC ACID, 2-METHYL, AMIDE, N-METHYL",9999.0,9999.0,9999.0,9999.0
N#CCCN1CC1,"PROPANOIC ACID, 3(1-AZIRIDINYL), NITRILE",9999.0,9999.0,9999.0,9999.0
N#CCCN1CCCCC1,"PROPANOIC ACID, 3(1-PIPERIDINYL), NITRILE",9999.0,9999.0,9999.0,9999.0
N#CCCN1CCCC1,"PROPANOIC ACID, 3(1-PYRROLIDINYL), NITRILE",9999.0,9999.0,9999.0,9999.0
N#CCCn1cccc1,"PROPANOIC ACID, 3(1-PYRROLYL), NITRILE",9999.0,9999.0,9999.0,9999.0
N#CCCN1CCOCC1,"PROPANOIC ACID, 3(4-MORPHOLINYL), NITRILE",9999.0,9999.0,9999.0,9999.0
CCN(CC)CCC#N,"PROPANOIC ACID, 3(DIETHYLAMINO), NITRILE",9999.0,9999.0,9999.0,9999.0
CN(C)CCC#N,"PROPANOIC ACID, 3(DIMETHYLAMINO), NITRILE",9999.0,9999.0,9999.0,9999.0
N#CCCOCC(COCCC#N)(COCCC#N)COCCC#N,"PROPANOIC ACID, 3,3',3'',3''' (NEOPENTANETETRAYLTETRAOXY) TETRA, NITRILE",9999.0,9999.0,9999.0,9999.0
N#CCCOCC(COCCC#N)OCCC#N,"PROPANOIC ACID, 3,3',3''-(1,2,3-PROPANETRIYLTRIOXY)TRI, NITRILE",9999.0,9999.0,9999.0,9999.0
N#CCCOCCOCCC#N,"PROPANOIC ACID, 3,3'-(ETHYLENEDIOXY)DI, NITRILE",9999.0,9999.0,9999.0,9999.0
N#CCCNCCC#N,"PROPANOIC ACID, 3,3'-IMINODI, DINITRILE",9999.0,9999.0,9999.0,9999.0
N#CCCOCCC#N,"PROPANOIC ACID, 3,3'-OXYDI, DINITRILE",9999.0,9999.0,9999.0,9999.0
COC(=O)CCSCCC(=O)OC,"PROPANOIC ACID, 3,3'-THIODI, DIMETHYL ESTER",9999.0,9999.0,9999.0,9999.0
N#CCCSCCC#N,"PROPANOIC ACID, 3,3'-THIODI, DINITRILE",9999.0,9999.0,9999.0,9999.0
CC(CCOCCC#N)OCCC#N,"PROPANOIC ACID, 3,3'-[(1-METHYL-1,3-PROPANEDIYL)BIS(OXY)] BIS, NITRILE",9999.0,9999.0,9999.0,9999.0
N#CCCOCCOCCOCCC#N,"PROPANOIC ACID, 3,3'-[OXYBIS(ETHYLENEOXY)] DINITRILE",9999.0,9999.0,9999.0,9999.0
N#CCCOCC1COCO1,"PROPANOIC ACID, 3-(1,3-DIOXAN-5-YLOXY), NITRILE",9999.0,9999.0,9999.0,9999.0
N#CCCOCC(F)(F)C(F)F,"PROPANOIC ACID, 3-(2,2,3,3-TETRAFLUOROPROPOXY), NITRILE",9999.0,9999.0,9999.0,9999.0
Cc1ccccc1OCCC#N,"PROPANOIC ACID, 3-(2-METHYLPHENOXY), NITRILE",9999.0,9999.0,9999.0,9999.0
Cc1cccc(OCCC#N)c1,"PROPANOIC ACID, 3-(3-METHYLPHENOXY), NITRILE",9999.0,9999.0,9999.0,9999.0
Cc1ccc(OCCC#N)cc1,"PROPANOIC ACID, 3-(4-METHYLPHENOXY), NITRILE",9999.0,9999.0,9999.0,9999.0
N#CCCNc1ccccc1,"PROPANOIC ACID, 3-(ANILINO), NITRILE",9999.0,9999.0,9999.0,9999.0
N#CCCOCc1ccccc1,"PROPANOIC ACID, 3-(BENZYLOXY), NITRILE",9999.0,9999.0,9999.0,9999.0
CCCCOCCC#N,"PROPANOIC ACID, 3-BUTOXY, NITRILE",9999.0,9999.0,9999.0,9999.0
N#CCCCl,"PROPANOIC ACID, 3-CHLORO, NITRILE",9999.0,9999.0,9999.0,9999.0
COC(=O)CCC#N,"PROPANOIC ACID, 3-CYANO, METHYL ESTER",9999.0,9999.0,9999.0,9999.0
CCOCCC#N,"PROPANOIC ACID, 3-ETHOXY, NITRILE",9999.0,9999.0,9999.0,9999.0
O=C1CCO1,"PROPANOIC ACID, 3-HYDROXY, BETA-LACTONE",9999.0,9999.0,9999.0,9999.0
COC(=O)C(C)C#N,"PROPANOIC ACID, 3-HYDROXY, NITRILE, ACETATE",9999.0,9999.0,9999.0,9999.0
N#CCCO,"PROPANOIC ACID, 3-HYDROXY, NITRILE",9999.0,9999.0,9999.0,9999.0
COCCC#N,"PROPANOIC ACID, 3-METHOXY, NITRILE",9999.0,9999.0,9999.0,9999.0
N#CCCOCC1CCCO1,"PROPANOIC ACID, 3-OXY(TETRAHYDROFURFURYL), NITRILE",9999.0,9999.0,9999.0,9999.0
CCCCCOCCC#N,"PROPANOIC ACID, 3-PENTOXY, NITRILE",9999.0,9999.0,9999.0,9999.0
N#CCCOc1ccccc1,"PROPANOIC ACID, 3-PHENOXY, NITRILE",9999.0,9999.0,9999.0,9999.0
CCCOCCC#N,"PROPANOIC ACID, 3-PROPOXY, NITRILE",9999.0,9999.0,9999.0,9999.0
N#CCCSc1ccccc1,"PROPANOIC ACID, 3-THIOPHENOXY, NITRILE",9999.0,9999.0,9999.0,9999.0
N#CCCOCC(F)(F)C(F)(F)C(F)(F)C(F)F,"PROPANOIC ACID, 3-[(2,2,3,3,4,4,5,5-OCTAFLUOROPENTYL)OXY], NITRILE",9999.0,9999.0,9999.0,9999.0
CC1(C)OCC(OCCC#N)CO1,"PROPANOIC ACID, 3-[(2,2-DIMETHYL-1,3-DIOXAN-5-YL)OXY], NITRILE",9999.0,9999.0,9999.0,9999.0
CC1OCC(OCCC#N)CO1,"PROPANOIC ACID, 3-[(2-METHYL-1,3-DIOXAN-5-YL)OXY], NITRILE",9999.0,9999.0,9999.0,9999.0
CCC(=O)N(C)C,"PROPANOIC ACID, AMIDE, N,N-DIMETHYL",9999.0,9999.0,9999.0,9999.0
CCNC(=O)CC,"PROPANOIC ACID, AMIDE, N-ETHYL",9999.0,9999.0,9999.0,9999.0
CCC(=O)NC,"PROPANOIC ACID, AMIDE, N-METHYL",9999.0,9999.0,9999.0,9999.0
CCOC(=O)CC,"PROPANOIC ACID, ETHYL ESTER",9999.0,9999.0,9999.0,9999.0
CN1CCC1=O,"PROPANOIC ACID, LACTAM, N-METHYL",9999.0,9999.0,9999.0,9999.0
CCC#N,"PROPANOIC ACID, NITRILE",9999.0,9999.0,9999.0,9999.0
CCC(=O)O,PROPANOIC ACID,9999.0,9999.0,9999.0,9999.0
C=C(C)C,"PROPENE, 2-METHYL",9999.0,9999.0,9999.0,9999.0
C=CC,PROPENE,9999.0,9999.0,9999.0,9999.0
[O-][n+]1ccccc1,"PYRIDINE, 1-OXIDE",9999.0,9999.0,9999.0,9999.0
Cc1cccc(CCO)n1,"PYRIDINE, 2(2-HYDROXYETHYL), 6-METHYL",9999.0,9999.0,9999.0,9999.0
OCCc1ccccn1,"PYRIDINE, 2(2-HYDROXYETHYL)",9999.0,9999.0,9999.0,9999.0
Nc1ccccn1,"PYRIDINE, 2-AMINO",9999.0,9999.0,9999.0,9999.0
c1ccc(Cc2ccccn2)cc1,"PYRIDINE, 2-BENZYL",9999.0,9999.0,9999.0,9999.0
CCc1cccc(C)[n+]1[O-],"PYRIDINE, 2-METHYL, 6-ETHYL, 1-OXIDE",9999.0,9999.0,9999.0,9999.0
Cc1ccccn1,"PYRIDINE, 2-METHYL",9999.0,9999.0,9999.0,9999.0
O=[N+]([O-])c1ccccn1,"PYRIDINE, 2-NITRO",9999.0,9999.0,9999.0,9999.0
Nc1cccnc1,"PYRIDINE, 3-AMINO",9999.0,9999.0,9999.0,9999.0
CCc1cccnc1,"PYRIDINE, 3-ETHYL",9999.0,9999.0,9999.0,9999.0
c1ccc(Cc2ccncc2)cc1,"PYRIDINE, 4-BENZYL",9999.0,9999.0,9999.0,9999.0
O=[N+]([O-])c1ccncc1,"PYRIDINE, 4-NITRO",9999.0,9999.0,9999.0,9999.0
Fc1nc(F)c(F)c(F)c1F,"PYRIDINE, PENTAFLUORO",9999.0,9999.0,9999.0,9999.0
c1ccncc1,PYRIDINE,9999.0,9999.0,9999.0,9999.0
CC(=O)n1cccc1,"PYRROLE, 1-ACETYL",9999.0,9999.0,9999.0,9999.0
CC(=O)N1CCCC1,"PYRROLIDINE, 1-ACETYL",9999.0,9999.0,9999.0,9999.0
O=NN1CCCC1,"PYRROLIDINE, 1-NITROSO",9999.0,9999.0,9999.0,9999.0
[O-][n+]1cccc2ccccc21,"QUINOLINE, 1-OXIDE",9999.0,9999.0,9999.0,9999.0
Cc1cc(Cl)nc2ccccc12,"QUINOLINE, 2-CHLORO, 4-METHYL",9999.0,9999.0,9999.0,9999.0
Cc1ccc2ccccc2n1,"QUINOLINE, 2-METHYL",9999.0,9999.0,9999.0,9999.0
Cc1ccnc2ccccc12,"QUINOLINE, 4-METHYL",9999.0,9999.0,9999.0,9999.0
O=[N+]([O-])c1cccc2ncccc12,"QUINOLINE, 5-NITRO",9999.0,9999.0,9999.0,9999.0
COc1ccc2ncccc2c1,"QUINOLINE, 6-METHOXY",9999.0,9999.0,9999.0,9999.0
COc1cccc2cccnc12,"QUINOLINE, 8-METHOXY",9999.0,9999.0,9999.0,9999.0
O=[N+]([O-])c1cccc2cccnc12,"QUINOLINE, 8-NITRO",9999.0,9999.0,9999.0,9999.0
c1ccc2ncccc2c1,QUINOLINE,9999.0,9999.0,9999.0,9999.0
CO[Si](OC)(OC)OC,"SILANE, TETRAMETHOXY",9999.0,9999.0,9999.0,9999.0
CC(C)CCCC(C)CCCC(C)CCCCC(C)CCCC(C)CCCC(C)C,"SQUALENE, PERHYDRO",9999.0,9999.0,9999.0,9999.0
CC(C)=CCCC(C)=CCCC(C)=CCCC=C(C)CCC=C(C)CCC=C(C)C,SQUALENE,9999.0,9999.0,9999.0,9999.0
CCCCCCCC[Sn](Cl)(CCCCCCCC)CCCCCCCC,"STANNANE, CHLORIDE-, TRIOCTYL",9999.0,9999.0,9999.0,9999.0
CCCCCCCC[Sn](Cl)(Cl)CCCCCCCC,"STANNANE, DICHLORODIOCTYL",9999.0,9999.0,9999.0,9999.0
CCCC[Sn](CCCC)(CCCC)CCCC,"STANNANE, TETRABUTYL",9999.0,9999.0,9999.0,9999.0
CCCCCCCCCCCC[Sn](CCCCCCCCCCCC)(CCCCCCCCCCCC)CCCCCCCCCCCC,"STANNANE, TETRADODECYL",9999.0,9999.0,9999.0,9999.0
CCCCCCCC[Sn](CCCCCCCC)(CCCCCCCC)CCCCCCCC,"STANNANE, TETRAOCTYL",9999.0,9999.0,9999.0,9999.0
CCCCC[Sn](CCCCC)(CCCCC)CCCCC,"STANNANE, TETRAPENTYL",9999.0,9999.0,9999.0,9999.0
CCCCOC(=O)CCC(=O)OCCCC,"SUCCINIC ACID, DIBUTYL ESTER",9999.0,9999.0,9999.0,9999.0
CCOC(=O)CCC(=O)OCC,"SUCCINIC ACID, DIETHYL ESTER",9999.0,9999.0,9999.0,9999.0
CC(C)CCCCCOC(=O)CCC(=O)OCCCCCC(C)C,"SUCCINIC ACID, DIISOOCTYL ESTER",9999.0,9999.0,9999.0,9999.0
COC(=O)CCC(=O)OC,"SUCCINIC ACID, DIMETHYL ESTER",9999.0,9999.0,9999.0,9999.0
N#CCCC#N,"SUCCINIC ACID, DINITRILE",9999.0,9999.0,9999.0,9999.0
CCCCCCCCCOC(=O)CCC(=O)OCCCCCCCCC,"SUCCINIC ACID, DINONYL ESTER",9999.0,9999.0,9999.0,9999.0
COC(=O)CC(C=O)C(=O)OC,"SUCCINIC ACID, FORMYL, DIMETHYL ESTER",9999.0,9999.0,9999.0,9999.0
OCCSCCO,"SULFIDE, DIETHYL, 2,2'-DIHYDROXY",9999.0,9999.0,9999.0,9999.0
CCSCCO,"SULFIDE, DIETHYL, 2-HYDROXY",9999.0,9999.0,9999.0,9999.0
O=[N+]([O-])c1cc(S(=O)(=O)C(F)(F)F)ccc1F,"SULFONE, 4-FLUORO-3-NITROPHENYL, TRIFLUOROMETHYL",9999.0,9999.0,9999.0,9999.0
C=CS(=O)(=O)C=C,"SULFONE, DIETHENYL",9999.0,9999.0,9999.0,9999.0
O=S(=O)(c1ccccc1)C(F)F,"SULFONE, DIFLUOROMETHYL, PHENYL",9999.0,9999.0,9999.0,9999.0
CCS(C)(=O)=O,"SULFONE, ETHYL, METHYL",9999.0,9999.0,9999.0,9999.0
O=S(=O)(c1ccccc1)C(F)(F)F,"SULFONE, PHENYL, TRIFLUOROMETHYL",9999.0,9999.0,9999.0,9999.0
CC1CC(C)S(=O)(=O)C1,"SULFONE, TETRAMETHYLENE, 2,4-DIMETHYL",9999.0,9999.0,9999.0,9999.0
COC1CCS(=O)(=O)C1,"SULFONE, TETRAMETHYLENE, 3-METHOXY",9999.0,9999.0,9999.0,9999.0
CC1CCS(=O)(=O)C1,"SULFONE, TETRAMETHYLENE, 3-METHYL",9999.0,9999.0,9999.0,9999.0
O=S1(=O)CCCC1,"SULFONE, TETRAMETHYLENE",9999.0,9999.0,9999.0,9999.0
CCS(=O)CC,"SULFOXIDE, DIETHYL",9999.0,9999.0,9999.0,9999.0
CS(C)=O,"SULFOXIDE, DIMETHYL",9999.0,9999.0,9999.0,9999.0
O=S(c1ccccc1)c1ccccc1,"SULFOXIDE, DIPHENYL",9999.0,9999.0,9999.0,9999.0
CCCS(=O)CCC,"SULFOXIDE, DIPROPYL",9999.0,9999.0,9999.0,9999.0
CCS(=O)C(C)C,"SULFOXIDE, ETHYL ISOPROPYL",9999.0,9999.0,9999.0,9999.0
CCCS(=O)C(C)C,"SULFOXIDE, ISOPROPYL PROPYL",9999.0,9999.0,9999.0,9999.0
CCCS(C)=O,"SULFOXIDE, METHYL PROPYL",9999.0,9999.0,9999.0,9999.0
O=S1CCCC1,"SULFOXIDE, TETRAMETHYLENE",9999.0,9999.0,9999.0,9999.0
O=S=O,SULFUR DIOXIDE,9999.0,9999.0,9999.0,9999.0
CCOS(=O)(=O)OCC,"SULFURIC ACID, DIETHYL ESTER",9999.0,9999.0,9999.0,9999.0
C=CS(=O)(=O)O,"SULFUROUS ACID, ETHYLENE ESTER",9999.0,9999.0,9999.0,9999.0
CCCCCCCCCCCCCCCCCCCCCCCCCCCCCCCCCCCCCCCC,TETRACONTANE,9999.0,9999.0,9999.0,9999.0
CCCCCCCCCCCCCCCCCCCCCCCC,TETRACOSANE,9999.0,9999.0,9999.0,9999.0
CCCCCCCCCCCCCCc1ccccc1,"TETRADECANE, 1-PHENYL",9999.0,9999.0,9999.0,9999.0
CCCCCCC(C)C(C)CCCCCC,"TETRADECANE, 7,8-DIMETHYL",9999.0,9999.0,9999.0,9999.0
CCCCCCCCCCCCCC,TETRADECANE,9999.0,9999.0,9999.0,9999.0
CCCCCCCCCCCCCC(=O)N(C)C,"TETRADECANOIC ACID, AMIDE, N,N-DIMETHYL",9999.0,9999.0,9999.0,9999.0
COCCOCCOCCOCCOC,"TETRAETHYLENE GLYCOL, DIMETHYL ETHER",9999.0,9999.0,9999.0,9999.0
OCCOCCOCCOCCO,TETRAETHYLENE GLYCOL,9999.0,9999.0,9999.0,9999.0
c1ccc2c(c1)CCCC2,TETRALIN,9999.0,9999.0,9999.0,9999.0
CCCCCCCCCCCCCCCCCCCCCCCCCCCCCCCCCC,TETRATRIACONTANE,9999.0,9999.0,9999.0,9999.0
Cc1csc(N)n1,"THIAZOLE, 2-AMINO, 4-METHYL",9999.0,9999.0,9999.0,9999.0
CC(=O)N1CCSC1,"THIAZOLIDINE, 3-ACETYL",9999.0,9999.0,9999.0,9999.0
CC1CCS1(=O)=O,"THIETANE, 2-METHYL, 1,1-DIOXIDE",9999.0,9999.0,9999.0,9999.0
COC(=O)CSCC(=O)OC,"THIODIGLYCOLIC ACID, DIMETHYL ESTER",9999.0,9999.0,9999.0,9999.0
CC(=O)c1cccs1,"THIOPHENE, 2-ACETYL",9999.0,9999.0,9999.0,9999.0
Cc1c([N+](=O)[O-])cc([N+](=O)[O-])cc1[N+](=O)[O-],"TOLUENE, 2,4,6-TRINITRO",9999.0,9999.0,9999.0,9999.0
Cc1ccc([N+](=O)[O-])cc1[N+](=O)[O-],"TOLUENE, 2,4-DINITRO",9999.0,9999.0,9999.0,9999.0
Cc1ccccc1N,"TOLUENE, 2-AMINO",9999.0,9999.0,9999.0,9999.0
FC(F)(F)c1ccccc1Cl,"TOLUENE, 2-CHLORO, ALPHA, ALPHA, ALPHA-TRIFLUORO",9999.0,9999.0,9999.0,9999.0
Cc1ccccc1O,"TOLUENE, 2-HYDROXY",9999.0,9999.0,9999.0,9999.0
O=[N+]([O-])c1cc(C(F)(F)F)cc([N+](=O)[O-])c1F,"TOLUENE, 3,5-DINITRO, ALPHA, ALPHA, ALPHA, 4-TETRAFLUORO",9999.0,9999.0,9999.0,9999.0
O=[N+]([O-])c1cc([N+](=O)[O-])cc(C(F)(F)F)c1,"TOLUENE, 3,5-DINITRO, ALPHA, ALPHA, ALPHA-TRIFLUORO",9999.0,9999.0,9999.0,9999.0
Nc1cc(C(F)(F)F)ccc1Cl,"TOLUENE, 3-AMINO, 4-CHLORO, ALPHA, ALPHA, ALPHA-TRIFLUORO",9999.0,9999.0,9999.0,9999.0
Cc1cccc(O)c1,"TOLUENE, 3-HYDROXY",9999.0,9999.0,9999.0,9999.0
O=[N+]([O-])c1cc(C(F)(F)F)ccc1F,"TOLUENE, 3-NITRO, ALPHA, ALPHA, ALPHA, 4-TETRAFLUORO",9999.0,9999.0,9999.0,9999.0
O=[N+]([O-])c1cccc(C(F)(F)F)c1,"TOLUENE, 3-NITRO, ALPHA, ALPHA, ALPHA-TRIFLUORO",9999.0,9999.0,9999.0,9999.0
Cc1ccc(N)cc1,"TOLUENE, 4-AMINO",9999.0,9999.0,9999.0,9999.0
O=[N+]([O-])c1cc(C(F)(F)F)cc([N+](=O)[O-])c1Cl,"TOLUENE, 4-CHLORO, 3,5-DINITRO, ALPHA, ALPHA, ALPHA-TRIFLUORO",9999.0,9999.0,9999.0,9999.0
O=[N+]([O-])c1cc(C(F)(F)F)ccc1Cl,"TOLUENE, 4-CHLORO, 3-NITRO, ALPHA, ALPHA, ALPHA-TRIFLUORO",9999.0,9999.0,9999.0,9999.0
O=[N+]([O-])c1cc(C(F)(F)F)ccc1O,"TOLUENE, 4-HYDROXY, 3-NITRO, ALPHA, ALPHA, ALPHA-TRIFLUORO",9999.0,9999.0,9999.0,9999.0
Cc1ccc(O)cc1,"TOLUENE, 4-HYDROXY",9999.0,9999.0,9999.0,9999.0
O=[N+]([O-])c1ccc(C(F)F)cc1,"TOLUENE, ALPHA, ALPHA-DIFLUORO, 4-NITRO",9999.0,9999.0,9999.0,9999.0
NCc1ccccc1,"TOLUENE, ALPHA-AMINO",9999.0,9999.0,9999.0,9999.0
OCc1c(F)c(F)c(F)c(F)c1F,"TOLUENE, ALPHA-HYDROXY, 2,3,4,5,6-PENTAFLUORO",9999.0,9999.0,9999.0,9999.0
CC(O)c1c(F)c(F)c(F)c(F)c1F,"TOLUENE, ALPHA-HYDROXY, ALPHA-METHYL, 2,3,4,5,6-PENTAFLUORO",9999.0,9999.0,9999.0,9999.0
Cc1ccccc1,TOLUENE,9999.0,9999.0,9999.0,9999.0
CCCCCCCCCCCCCCCCCCCCCCCCCCCCCC,TRIACONTANE,9999.0,9999.0,9999.0,9999.0
CCCCCCCCCCCCC,TRIDECANE,9999.0,9999.0,9999.0,9999.0
CCCCOCCOCCOCCOCCCC,"TRIETHYLENE GLYCOL, DIBUTYL ETHER",9999.0,9999.0,9999.0,9999.0
OCCOCCOCCO,TRIETHYLENE GLYCOL,9999.0,9999.0,9999.0,9999.0
NCCNCCNCCN,TRIETHYLENETETRAMINE,9999.0,9999.0,9999.0,9999.0
CCCCOCCCOCCCOCCCOCCCC,"TRIPROPYLENE GLYCOL, DIBUTYL ETHER",9999.0,9999.0,9999.0,9999.0
COCCCOCCCOCCCOC,"TRIPROPYLENE GLYCOL, DIMETHYL ETHER",9999.0,9999.0,9999.0,9999.0
CCCCCCCCCCC,UNDECANE,9999.0,9999.0,9999.0,9999.0
CN(C)C(=O)N(C)C,"UREA, 1,1,3,3-TETRAMETHYL",9999.0,9999.0,9999.0,9999.0
O,WATER,9999.0,9999.0,9999.0,9999.0
O=C1CSCCO1,"1,4-OXATHIAN-2-ONE",0.0,0.0,0.2875,0.2875
C=C(C)CC,"1-BUTENE, 2-METHYL",5.0,31.0,0.5555555555555556,0.5555555555555556
O=CC1=CCCCC1,1-CYCLOHEXENE-1-CARBOXALDEHYDE,0.0,0.0,0.3543307086614173,0.3543307086614173
COC(=O)n1cccc1,"1-PYRROLECARBOXYLIC ACID, METHYL ESTER",0.0,0.0,0.1256544502617801,0.1256544502617801
OCCNCCO,"AMINE, DIETHYL-2,2'-DIHYDROXY",0.0,0.0,0.3333333333333333,0.3333333333333333
CCNc1ccccc1,"ANILINE, N-ETHYL",0.0,0.0,0.4418604651162791,0.4418604651162791
CCC1CCCCC1,"CYCLOHEXANE, ETHYL",0.0,0.0,0.8181818181818182,0.8181818181818182
CCC1CCCC1c1ccccc1,"CYCLOPENTANE, 1-ETHYL, 2-PHENYL",0.0,0.0,0.49783549783549785,0.49783549783549785
CCOC(C)(C)CC,"ETHER, ETHYL TERT.PENTYL",0.0,0.0,0.48,0.48
CC1C=CC(=O)O1,"PENTANOIC ACID, 4-HYDROXY, GAMMA-LACTONE",0.0,0.0,0.3474576271186441,0.3474576271186441
Cc1cc(C)nc(C)c1,"PYRIDINE, 2,4,6-TRIMETHYL",0.0,0.0,0.3708609271523179,0.3708609271523179
Cc1cccc(C)n1,"PYRIDINE, 2,6-DIMETHYL",0.0,0.0,0.375,0.375
COCCOCCOCCOC(C)(C)C,2-[2-[2-(2-methoxyethoxy)ethoxy]ethoxy]-2-methylpropane,0.0,0.0,0.4166666666666667,0.4166666666666667
CCCCOCCOCCOCCOCCCC(C)(C)C,"1-[2-[2-(2-butoxyethoxy)ethoxy]ethoxy]-4,4-dimethylpentane",0.0,0.0,0.5609756097560976,0.5609756097560976
CSSC,(methyldisulfanyl)methane,0.0,0.0,0.1111111111111111,0.1111111111111111
CCCCCCCCCCCCCCCCCCCCO,icosan-1-ol,0.0,0.0,1.0,1.0
NCCCCCCCCN,"octane-1,8-diamine",0.0,0.0,0.56,0.56
NCCCCCCCCCCN,"decane-1,10-diamine",0.0,0.0,0.56,0.56
C1CCC2CCCCC2C1,"1,2,3,4,4a,5,6,7,8,8a-decahydronaphthalene",0.0,0.0,0.8181818181818182,0.8181818181818182
CCCCC(CC)CCC(C)(CC(CC)CCCC)C(N)=O,5-ethyl-2-(2-ethylhexyl)-2-methylnonanamide,0.0,0.0,0.3063583815028902,0.3063583815028902
O=S1OCCO1,"1,3,2-dioxathiolane 2-oxide",0.0,0.0,0.13636363636363635,0.13636363636363635
C=CC1CCCS1(=O)=O,"2-ethenylthiolane 1,1-dioxide",0.0,0.0,0.17045454545454544,0.17045454545454544
CCCCCCCCCCCCCCCC(=O)OCC(O)CO,"2,3-dihydroxypropyl hexadecanoate",0.0,0.0,0.6620689655172414,0.6620689655172414
CCCCCCCCCCCCCCCC(=O)OCC(O)COC(=O)CCCCCCCCCCCCCCC,(3-hexadecanoyloxy-2-hydroxypropyl) hexadecanoate,0.0,0.0,0.6274509803921569,0.6274509803921569
CCCCCCCCCC(=O)O,decanoic acid,0.0,0.0,0.7105263157894737,0.7105263157894737
CCCCCCCCCCCC(=O)O,dodecanoic acid,0.0,0.0,0.7105263157894737,0.7105263157894737
CCCCCCCCCCCCCC(=O)O,tetradecanoic acid,0.0,0.0,0.7105263157894737,0.7105263157894737
CCCCCCCCC=CCCCCCCCC(=O)O,octadec-9-enoic acid,0.0,0.0,0.6923076923076923,0.6923076923076923
CCCCCC=CCC=CCCCCCCCC(=O)O,"octadeca-9,12-dienoic acid",0.0,0.0,0.6,0.6
CCC=CCC=CCC=CCCCCCCCC(=O)O,"octadeca-9,12,15-trienoic acid",0.0,0.0,0.5869565217391305,0.5869565217391305
C1COCCOCCOCCOCCOCCO1,"1,4,7,10,13,16-hexaoxacyclooctadecane",0.0,0.0,0.5283018867924528,0.5283018867924528
O=S1(=O)CC=CC1,"2,5-dihydrothiophene 1,1-dioxide",0.0,0.0,0.2826086956521739,0.2826086956521739
NC1CCS(=O)(=O)C1,"1,1-dioxothiolan-3-amine",0.0,0.0,0.23255813953488372,0.23255813953488372
C1CCOCC1,oxane,0.0,0.0,0.5769230769230769,0.5769230769230769
CCCCOCCO,2-butoxyethanol,0.0,0.0,0.59375,0.59375
CCCOCCO,2-propoxyethanol,0.0,0.0,0.55,0.55
CC(C)OCCO,2-propan-2-yloxyethanol,0.0,0.0,0.47368421052631576,0.47368421052631576
CCCCCCCCCCOC1CCS(=O)(=O)C1,"3-decoxythiolane 1,1-dioxide",0.0,0.0,0.21100917431192662,0.21100917431192662
O=S1(=O)CCC(O)C1,"1,1-dioxothiolan-3-ol",0.0,0.0,0.24,0.24
FC(Cl)(Cl)C(F)(Cl)Cl,"1,1,2,2-tetrachloro-1,2-difluoroethane",0.0,0.0,0.2413793103448276,0.2413793103448276
CCCCOC(=O)COC(=O)c1ccccc1C(=O)OCCCC,"2-O-(2-butoxy-2-oxoethyl) 1-O-butyl benzene-1,2-dicarboxylate",0.0,0.0,0.7535211267605634,0.7535211267605634
CCCCCOC(C)=O,pentyl acetate,0.0,0.0,0.7380952380952381,0.7380952380952381
CC1=CC2CC(C1)C2(C)C,"3,6,6-trimethylbicyclo[3.1.1]hept-2-ene",0.0,0.0,0.2613065326633166,0.2613065326633166
N#CCCCCCCCCC#N,decanedinitrile,0.0,0.0,0.7333333333333333,0.7333333333333333
CCCCCCCCCCCCCCCCCCC(F)(F)C(F)(F)C(F)(F)C(F)(F)F,"1,1,1,2,2,3,3,4,4-nonafluorodocosane",0.0,0.0,0.60790273556231,0.60790273556231
CCCCCCCCCCCCCCCCC(F)(F)C(F)(F)C(F)(F)C(F)(F)C(F)(F)C(F)(F)F,"1,1,1,2,2,3,3,4,4,5,5,6,6-tridecafluorodocosane",0.0,0.0,0.6120996441281139,0.6120996441281139
CCCCCCCCCCCCC(F)(F)C(F)(F)C(F)(F)C(F)(F)C(F)(F)C(F)(F)F,"1,1,1,2,2,3,3,4,4,5,5,6,6-tridecafluorooctadecane",0.0,0.0,0.6120996441281139,0.6120996441281139
CCCCCCCCCCCCC(F)(F)C(F)(F)C(F)(F)C(F)(F)C(F)(F)C(F)(F)C(F)(F)C(F)(F)F,"1,1,1,2,2,3,3,4,4,5,5,6,6,7,7,8,8-heptadecafluoroicosane",0.0,0.0,0.6120996441281139,0.6120996441281139
OCCN(CCO)CCN(CCO)CCO,2-[2-[bis(2-hydroxyethyl)amino]ethyl-(2-hydroxyethyl)amino]ethanol,0.0,0.0,0.2777777777777778,0.2777777777777778
NCCNCCNCCNCCN,"N'-[2-[2-(2-aminoethylamino)ethylamino]ethyl]ethane-1,2-diamine",0.0,0.0,0.2894736842105263,0.2894736842105263
N#CCCCCCCCCCCCCC#N,tetradecanedinitrile,0.0,0.0,0.7333333333333333,0.7333333333333333
CCCCN(CCCC)C(=O)c1ccccc1,"N,N-dibutylbenzamide",0.0,0.0,0.22794117647058823,0.22794117647058823
CCOC,methoxyethane,0.0,0.0,0.5,0.5
CC(=O)OC(C)C,propan-2-yl acetate,0.0,0.0,0.5263157894736842,0.5263157894736842
Cc1ccc(C)c(C)c1,"1,2,4-trimethylbenzene",0.0,0.0,0.4817073170731707,0.4817073170731707
CC1CCCS1(=O)=O,2-Methylsulfolane,0.0,0.0,0.26548672566371684,0.26548672566371684
[O-][S+]1CCCC1,Tetramethylene sulfoxide,0.0,0.0,0.27906976744186046,0.27906976744186046
Cc1ccc(OP(=O)(Oc2ccc(C)cc2)Oc2ccc(C)cc2)cc1,Tricresyl phosphate,0.0,0.0,0.2787456445993031,0.2787456445993031
