Solvent_SMILES,Solvent_name,Selectivity
CC1(C)COC(=O)C1O,(D)-PANTOLACTONE,1.499433994293213
CC(=O)OCC(COC(C)=O)OC(C)=O,"1,2,3-PROPANETRIOL, TRIACETATE",2.352524518966675
COC(=O)c1ccccc1C(=O)OC,"1,2-BENZENEDICARBOXYLIC ACID, DIMETHYL ESTER",91.96163940429688
CC(=O)OCCOC(C)=O,"1,2-ETHANEDIOL, DIACETATE",241.48138427734375
OCCO,"1,2-ETHANEDIOL",2.3354275226593018
OCC(O)COCC(O)CO,"1,2-PROPANEDIOL, 3,3'-OXYDI",0.715304434299469
OCC(O)CCl,"1,2-PROPANEDIOL, 3-CHLORO",19.212265014648438
CC(O)CO,"1,2-PROPANEDIOL",11.891829490661621
Cc1nnc(C)o1,"1,3,4-OXADIAZOLE, 2,5-DIMETHYL",15.636408805847168
CCCCCCOC(=O)c1cccc(C(=O)OCCCCCC)c1,"1,3-BENZENEDICARBOXYLIC ACID, DIHEXYL ESTER",3.8082642555236816
C=CC(=C)C,"1,3-BUTADIENE, 2-METHYL",8.962285041809082
C=CC=C,"1,3-BUTADIENE",3.0886425971984863
O=C1OCC(CCl)O1,"1,3-DIOXOLAN-2-ONE, 4-CHLOROMETHYL",1.309455156326294
CC1COC(=O)O1,"1,3-DIOXOLAN-2-ONE, 4-METHYL",5.088465690612793
O=C1OCCO1,"1,3-DIOXOLAN-2-ONE",15.229264259338379
CCC(CO)(CO)CO,"1,3-PROPANEDIOL, 2-ETHYL, 2-HYDROXYMETHYL",8.37405776977539
CC(=O)OCCCOC(C)=O,"1,3-PROPANEDIOL, DIACETATE",75.37895965576172
OCCCO,"1,3-PROPANEDIOL",5.816995143890381
CCCCOC(=O)c1c(Cl)c(Cl)c(OC(=O)CCCOC(=O)c2c(Cl)c(Cl)c(C(=O)OCCCC)c(Cl)c2Cl)c(Cl)c1Cl,"1,4-BENZENEDICARBOXYLIC ACID, 2,3,5,6-TETRACHLORO, 1,3-PROPANEDIYL DIBUTYL ESTER",0.10503725707530975
CCCOC(=O)c1c(Cl)c(Cl)c(OC(=O)CCCOC(=O)c2c(Cl)c(Cl)c(C(=O)OCCC)c(Cl)c2Cl)c(Cl)c1Cl,"1,4-BENZENEDICARBOXYLIC ACID, 2,3,5,6-TETRACHLORO, 1,3-PROPANEDIYL DIPROPYL ESTER",0.17487987875938416
CCCCCCOC(=O)c1ccc(C(=O)OCCCCCC)cc1,"1,4-BENZENEDICARBOXYLIC ACID, DIHEXYL ESTER",4.519114971160889
CCCCOC(=O)c1c(Cl)c(Cl)c(C(=O)OCCCC)c(Cl)c1Cl,"1,4-BENZENEDICARBOXYLIC ACID, TETRACHLORO, DIBUTYL ESTER",0.12138412147760391
CCCCCOC(=O)c1c(Cl)c(Cl)c(C(=O)OCCCCC)c(Cl)c1Cl,"1,4-BENZENEDICARBOXYLIC ACID, TETRACHLORO, DIPENTYL ESTER",0.06326170265674591
CCCOC(=O)c1c(Cl)c(Cl)c(Cl)c(Cl)c1C(=O)OCCC,"1,4-BENZENEDICARBOXYLIC ACID, TETRACHLORO, DIPROPYL ESTER",0.14586912095546722
COCC1(C)COc2ccc(C)cc2S1,"1,4-BENZOXATHIIN, 2,3-DIHYDRO-3-(METHOXYMETHYL)-3,6-DIMETHYL",1.385806918144226
OCCCCO,"1,4-BUTANEDIOL",4.235523223876953
O=C1COCCO1,"1,4-DIOXAN-2-ONE",13.27537727355957
C1COCCO1,"1,4-DIOXANE",43.760250091552734
O=S1CCOCC1,"1,4-OXATHIANE, 4-OXIDE",2.688075065612793
OCCCCCO,"1,5-PENTANEDIOL",2.256617784500122
C=CCCCC=C,"1,6-HEPTADIENE",8.646698951721191
OCCCCCCO,"1,6-HEXANEDIOL",1.9411871433258057
SCCCCCCS,"1,6-HEXANEDITHIOL",0.5113861560821533
OCCCCCCCCCO,"1,9-NONANEDIOL",2.2934253215789795
COC(=O)N1CC1,"1-AZIRIDINECARBOXYLIC ACID, METHYL ESTER",0.44135621190071106
CCC(C)CO,"1-BUTANOL, 2-METHYL",1.4605536460876465
CC(C)CCO,"1-BUTANOL, 3-METHYL",0.32084915041923523
CCCCO,1-BUTANOL,1.1777973175048828
CCCC(=O)c1ccccc1,"1-BUTANONE, 1-PHENYL",10.606130599975586
C=CCC,1-BUTENE,1.738142967224121
N#CC1=CCCCC1,"1-CYCLOHEXENE-1-CARBOXYLIC ACID, NITRILE",21.700149536132812
CCCCCCCCCCO,1-DECANOL,0.3051925301551819
C=CCCCCCCCC,1-DECENE,2.4806320667266846
CCCCCCCCCCCCCCCCCCCCCCO,1-DOCOSANOL,0.023079659789800644
CCCCCCCCCCCCO,1-DODECANOL,0.020184174180030823
C=CCCCCCCCCCCCCCCCCCC,1-EICOSENE,0.6071241497993469
OCC(F)(F)C(F)(F)C(F)(F)C(F)(F)C(F)(F)C(F)(F)F,"1-HEPTANOL, 2,2,3,3,4,4,5,5,6,6,7,7,7-TRIDECAFLUORO",0.493866503238678
OCC(F)(F)C(F)(F)C(F)(F)C(F)(F)C(F)(F)C(F)F,"1-HEPTANOL, 2,2,3,3,4,4,5,5,6,6,7,7-DODECAFLUORO",2.1911487579345703
CCCCCCCO,1-HEPTANOL,0.7787051200866699
C=CCCCCC,1-HEPTENE,2.1943371295928955
C#CCCCCC,1-HEPTYNE,877.5958862304688
CCCCCCCCCCCCCCCCO,1-HEXADECANOL,0.26035553216934204
C=CCCCCCCCCCCCCCC,1-HEXADECENE,0.5733731389045715
CCCCCCO,1-HEXANOL,0.6950779557228088
C=CCCCC,1-HEXENE,3.996814489364624
C#CCCCC,1-HEXYNE,140.9861602783203
O=Cc1cccc2ccccc12,1-NAPHTHALDEHYDE,2.6774234771728516
CCCCCCCCCO,1-NONANOL,0.18308953940868378
C=CCCCCCCC,1-NONENE,2.084090232849121
CCCCCCCCCCCCCCCCCCO,1-OCTADECANOL,0.0198723915964365
C=CCCCCCCCCCCCCCCCC,1-OCTADECENE,1.1195820569992065
CCCCCCCCO,1-OCTANOL,0.3180932402610779
C=CCCCCCC,1-OCTENE,2.3987984657287598
C#CCCCCCC,1-OCTYNE,1475.463134765625
OCC(F)(F)C(F)(F)C(F)(F)C(F)(F)F,"1-PENTANOL, 2,2,3,3,4,4,5,5,5-NONAFLUORO",0.20143146812915802
OCC(F)(F)C(F)(F)C(F)(F)C(F)F,"1-PENTANOL, 2,2,3,3,4,4,5,5-OCTAFLUORO",0.28007280826568604
CCCCCO,1-PENTANOL,0.6548306345939636
C=C(C)CCC,"1-PENTENE, 2-METHYL",699.6835327148438
C=CCCC,1-PENTENE,18.24899673461914
O=S1(=O)CCCO1,"1-PROPANESULFONIC ACID, 3-HYDROXY, GAMMA-SULTONE",7.809800624847412
OCC(F)(F)C(F)F,"1-PROPANOL, 2,2,3,3-TETRAFLUORO",3.168463706970215
CC(C)CO,"1-PROPANOL, 2-METHYL",0.3853225111961365
CCCO,1-PROPANOL,5.551103115081787
CCC(=O)c1ccccc1,"1-PROPANONE, 1-PHENYL",15.692849159240723
O=CN1CCCC1,1-PYRROLIDINECARBOXALDEHYDE,2.483914375305176
COC(=O)N1CCCC1,"1-PYRROLIDINECARBOXYLIC ACID, METHYL ESTER",0.8305076956748962
CCCCCCCCCCCCCCO,1-TETRADECANOL,0.48679906129837036
CCCCCCCCCC(=O)CCCCCCCCC,10-NONADECANONE,7.556852340698242
CC(=O)C(C)=O,"2,3-BUTANEDIONE",21.79400634765625
CCC(=O)CC(C)=O,"2,4-HEXANEDIONE",100.30494689941406
CC(=O)CC(C)=O,"2,4-PENTANEDIONE",170.5256805419922
CCOC(=O)c1ccc(C(=O)OCC)o1,"2,5-FURANDICARBOXYLIC ACID, DIETHYL ESTER",3.5823276042938232
CC(=O)CCC(C)=O,"2,5-HEXANEDIONE",176.09066772460938
CC(=O)CCCC(C)=O,"2,6-HEPTANEDIONE",20.341691970825195
CC(=O)CCCCC(C)=O,"2,7-OCTANEDIONE",5.724567890167236
CCC(O)C[N+](=O)[O-],"2-BUTANOL, 1-NITRO",1.4511018991470337
CCC(C)(C)O,"2-BUTANOL, 2-METHYL",3.0807485580444336
CC(O)C(C)(C)[N+](=O)[O-],"2-BUTANOL, 3-METHYL, 3-NITRO",0.07194068282842636
CC(O)C(C)[N+](=O)[O-],"2-BUTANOL, 3-NITRO",0.1527901589870453
CCC(C)O,2-BUTANOL,0.5501462817192078
CC(=O)CCc1ccccc1,"2-BUTANONE, 4-PHENYL",9.7826566696167
CCC(C)=O,2-BUTANONE,2.3933053016662598
C/C=C\C,2-BUTENE(CIS),9.689887046813965
C/C=C/C,2-BUTENE(TRANS),7.860551357269287
OC/C=C/CO,"2-BUTENE, 1,4-DIOL",33.654170989990234
CC=C(C)C,"2-BUTENE, 2-METHYL",75.37030029296875
OCC#CCO,"2-BUTYNE, 1,4-DIOL",94.02674865722656
COC(=O)C#CC(=O)OC,"2-BUTYNEDIOIC ACID, DIMETHYL ESTER",40.0411491394043
CC1=CC(=O)CC(C)(C)C1,"2-CYCLOHEXEN-1-ONE, 3,5,5-TRIMETHYL",10.901185989379883
CCCCCCCCCCC(C)=O,2-DODECANONE,0.6086911559104919
COC(=O)c1ccco1,"2-FURANCARBOXYLIC ACID, METHYL ESTER",57.63874435424805
N#Cc1ccco1,"2-FURANCARBOXYLIC ACID, NITRILE",24.054426193237305
COC(=O)C1CCCO1,"2-FURANCARBOXYLIC ACID, TETRAHYDRO, METHYL ESTER",0.9978688955307007
CCCCCC(C)=O,2-HEPTANONE,22.277713775634766
CCCCC(O)C[N+](=O)[O-],"2-HEXANOL, 1-NITRO",4.231112003326416
CN1CCN(C)C1=O,"2-IMIDAZOLIDINONE, 1,3-DIMETHYL",7.539149761199951
CCCCCCCC(C)=O,2-NONANONE,0.6628293991088867
CCCCCCC(C)O,2-OCTANOL,0.16808752715587616
CCCCCCC(C)=O,2-OCTANONE,40.76003646850586
CCN1CCOC1=O,"2-OXAZOLIDINONE, 3-ETHYL",6.697287082672119
CN1CCOC1=O,"2-OXAZOLIDINONE, 3-METHYL",2.8377246856689453
O=C1OCCN1CCO,"2-OXAZOLIDONE, N-HYDROXYETHYL",3.7037339210510254
CCCC(O)C[N+](=O)[O-],"2-PENTANOL, 1-NITRO",2.2667832374572754
CCCC(C)O,2-PENTANOL,0.7148810625076294
CC(=O)CC(C)C,"2-PENTANONE, 4-METHYL",1.9152363538742065
CCCC(C)=O,2-PENTANONE,0.2433919459581375
CN1CCCCC1=O,"2-PIPERIDONE, 1-METHYL",2.4112935066223145
OC(C(F)(F)F)C(F)(F)F,"2-PROPANOL, 1,1,1,3,3,3-HEXAFLUORO",0.014714766293764114
OC(CCl)CCl,"2-PROPANOL, 1,3-DICHLORO",1.9291276931762695
CC(CO)[N+](=O)[O-],"2-PROPANOL, 1-NITRO",0.08403729647397995
CC(C)(C)O,"2-PROPANOL, 2-METHYL",0.6996324062347412
CC(C)(O)c1ccccc1,"2-PROPANOL, 2-PHENYL",4.594806671142578
CC(C)O,2-PROPANOL,1.1461960077285767
CC(=O)CBr,"2-PROPANONE, 1-BROMO",0.5206388235092163
CC(=O)CC1CCCCC1,"2-PROPANONE, 1-CYCLOHEXYL",24.532705307006836
CC(=O)CO,"2-PROPANONE, 1-HYDROXY",62.095008850097656
CC(=O)C[N+](=O)[O-],"2-PROPANONE, 1-NITRO",29.638235092163086
CC(=O)Cc1ccccc1,"2-PROPANONE, PHENYL",1.6395314931869507
CC(C)=O,2-PROPANONE,5.004050254821777
C=CCO,2-PROPEN-1-OL,4.035252094268799
CCCCCCCCN1CCCC1=O,"2-PYRROLIDINONE, 1-OCTYL",3.645782709121704
O=C1CCCN1,2-PYRROLIDINONE,2.586111068725586
CC1CCC(=O)N1C,"2-PYRROLIDONE, 1,5-DIMETHYL",5.451051235198975
CCN1CCCC1=O,"2-PYRROLIDONE, 1-ETHYL",2.6387741565704346
CN1CCCC1=O,"2-PYRROLIDONE, 1-METHYL",3.835618019104004
O=Cc1cccs1,2-THIOPHENECARBOXALDEHYDE,54.54283905029297
CCOC(=O)c1cocc1C(=O)OCC,"3,4-FURANDICARBOXYLIC ACID, DIETHYL ESTER",3.9773497581481934
C=C(C)CCO,"3-BUTEN-1-OL, 3-METHYL",1.7258011102676392
C=CC(C)(C)O,"3-BUTEN-2-OL, 2-METHYL",4.723105430603027
O=C1CC=CO1,"3-BUTENOIC ACID, 4-HYDROXY, GAMMA-LACTONE",5.415383338928223
CC(=O)C1CC=CCC1,"3-CYCLOHEXENE, 1-ACETYL",9.125173568725586
O=CC1CC=CCC1,3-CYCLOHEXENE-1-CARBOXALDEHYDE,0.3691916763782501
COC(=O)C1CC=CCC1,"3-CYCLOHEXENE-1-CARBOXYLIC ACID, METHYL ESTER",2.8822975158691406
N#CC1CC=CCC1,"3-CYCLOHEXENE-1-CARBOXYLIC ACID, NITRILE",11.64599609375
COC(=O)c1ccoc1,"3-FURANCARBOXYLIC ACID, METHYL ESTER",17.765213012695312
N#Cc1ccoc1,"3-FURANCARBOXYLIC ACID, NITRILE",4.358821392059326
COC(=O)C1CCOC1,"3-FURANCARBOXYLIC ACID, TETRAHYDRO, METHYL ESTER",1.076410174369812
O=Cc1ccoc1,3-FURFURAL,11.066130638122559
CCCCC(=O)CC,3-HEPTANONE,2.700942039489746
O=CN1CCOC1,3-OXAZOLIDINECARBOXALDEHYDE,1.1417236328125
COC(=O)N1CCOC1,"3-OXAZOLIDINECARBOXYLIC ACID, METHYL ESTER",1.0106507539749146
CCC(O)C(C)(C)[N+](=O)[O-],"3-PENTANOL, 2-METHYL, 2-NITRO",1.5502921342849731
CCC(O)CC,3-PENTANOL,1.6699557304382324
CCC(=O)CC,3-PENTANONE,1.7885557413101196
COC(=O)c1c(C)noc1C,"4-ISOXAZOLECARBOXYLIC ACID, 3,5-DIMETHYL, METHYL ESTER",38.71076202392578
O=CN1CCOCC1,4-MORPHOLINECARBOXALDEHYDE,4.323239326477051
COC(=O)N1CCOCC1,"4-MORPHOLINECARBOXYLIC ACID, METHYL ESTER",0.7505967617034912
c1ccc2c(c1)ccc1cccnc12,"7,8-BENZOQUINOLINE",4.263421535491943
O=C1c2cc([N+](=O)[O-])ccc2-c2c1cc([N+](=O)[O-])cc2[N+](=O)[O-],"9-FLUORENONE, 2,4,7-TRINITRO",20.394235610961914
CCCCCCCCC(=O)CCCCCCCC,9-HEPTADECANONE,6.517088890075684
CC(=O)COC(C)=O,"ACETIC ACID, 2-OXOPROPYL ESTER",477.33880615234375
CCN(CC)C(C)=O,"ACETIC ACID, AMIDE, N,N-DIETHYL",2.665959119796753
CC(=O)N(C)C,"ACETIC ACID, AMIDE, N,N-DIMETHYL",13.803108215332031
CCNC(C)=O,"ACETIC ACID, AMIDE, N-ETHYL",3.4127399921417236
CC(=O)NC(C)C,"ACETIC ACID, AMIDE, N-ISOPROPYL",15.698897361755371
CNC(C)=O,"ACETIC ACID, AMIDE, N-METHYL",3.9832310676574707
CC(=O)Nc1ccccc1,"ACETIC ACID, AMIDE, N-PHENYL",46.6813850402832
CC(=O)OCc1ccccc1,"ACETIC ACID, BENZYL ESTER",85.1528091430664
CCOC(=O)CBr,"ACETIC ACID, BROMO, ETHYL ESTER",25.188100814819336
CCCCOC(C)=O,"ACETIC ACID, BUTYL ESTER",120.32593536376953
N#CCCl,"ACETIC ACID, CHLORO, NITRILE",2.191606044769287
O=C(O)C(Cl)Cl,"ACETIC ACID, DICHLORO",0.007057718932628632
O=C(OCC[N+](=O)[O-])C(F)F,"ACETIC ACID, DIFLUORO, 2-NITROETHYL ESTER",34.62281036376953
CCOC(C)=O,"ACETIC ACID, ETHYL ESTER",15.098611831665039
CCCCCCOC(C)=O,"ACETIC ACID, HEXYL ESTER",1.5790574550628662
COC(=O)CNCC(=O)OC,"ACETIC ACID, IMINODI, DIMETHYL ESTER",9.047094345092773
COC(=O)CN(C)CC(=O)OC,"ACETIC ACID, IMINODI, N-METHYL, DIMETHYL ESTER",3.600045680999756
COCC#N,"ACETIC ACID, METHOXY, NITRILE",0.7688390612602234
COC(C)=O,"ACETIC ACID, METHYL ESTER",23.142257690429688
CC#N,"ACETIC ACID, NITRILE",1.7226524353027344
COC(=O)COCC(=O)OC,"ACETIC ACID, OXYDI, DIMETHYL ESTER",7.227846622467041
CC(=O)Oc1ccccc1,"ACETIC ACID, PHENYL ESTER",57.40773010253906
N#CCc1ccccc1,"ACETIC ACID, PHENYL, NITRILE",10.338666915893555
CCCOC(C)=O,"ACETIC ACID, PROPYL ESTER",35.358680725097656
CC(=O)O,ACETIC ACID,5.158549785614014
CC(=O)c1c(F)c(F)c(F)c(F)c1F,"ACETOPHENONE, 2',3',4',5',6'-PENTAFLUORO",10.488846778869629
O=C(c1c(F)c(F)c(F)c(F)c1F)C(F)(F)F,"ACETOPHENONE, OCTAFLUORO",4.508229732513428
CC(=O)c1ccccc1,ACETOPHENONE,3.4225285053253174
O=C(OCC[N+](=O)[O-])C(F)(F)F,"ACTIC ACID, TRIFLUORO, 2-NITROETHYL ESTER",5.4607648849487305
CC1=CCC2CC1C2(C)C,ALPHA-PINENE,30.25260353088379
CCN(CC)N=O,"AMINE, DIETHYL, N-NITROSO",24.451364517211914
CCNCC,"AMINE, DIETHYL",1.9284300804138184
CC(C)NC(C)C,"AMINE, DIISOPROPYL",0.08205417543649673
CCN(C)C,"AMINE, DIMETHYL ETHYL",0.5422365069389343
CNC,"AMINE, DIMETHYL",9.867478370666504
c1ccc(Nc2ccccc2)cc1,"AMINE, DIPHENYL",16.30742645263672
CCCNCCC,"AMINE, DIPROPYL",0.12171533703804016
CCCCCCCCCCCCN,"AMINE, DODECYL",0.5752939581871033
FC(F)(F)C(F)(F)C(F)(F)C(F)(F)N(C(F)(F)C(F)(F)C(F)(F)C(F)(F)F)C(F)(F)C(F)(F)C(F)(F)C(F)(F)F,"AMINE, TRIBUTYL, PERFLUORO",0.930874764919281
CCCCN(CCCC)CCCC,"AMINE, TRIBUTYL",1.6206014156341553
OCCN(CCO)CCO,"AMINE, TRIETHYL, 2,2',2''-TRIHYDROXY",1.4998074769973755
CCN(CC)CC,"AMINE, TRIETHYL",0.2161320596933365
CCCCCCN(CCCCCC)CCCCCC,"AMINE, TRIHEXYL",0.4227445125579834
CCCCCCCCN(CCCCCCCC)CCCCCCCC,"AMINE, TRIOCTYL",0.18024733662605286
CCCCCN(CCCCC)CCCCC,"AMINE, TRIPENTYL",2.0605547428131104
Nc1c(F)c(F)c(F)c(F)c1F,"ANILINE, 2,3,4,5,6-PENTAFLUORO",0.7469397783279419
Nc1c(F)cc(F)c(F)c1F,"ANILINE, 2,3,4,6-TETRAFLUORO",1.2312017679214478
Nc1ccc(F)cc1F,"ANILINE, 2,4-DIFLUORO",0.5586695075035095
Nc1cc(C(F)(F)F)ccc1C(F)(F)F,"ANILINE, 2,5-BIS(TRIFLUOROMETHYL)",1.1825802326202393
Nc1ccccc1F,"ANILINE, 2-FLUORO",0.7305155396461487
COc1ccccc1N,"ANILINE, 2-METHOXY",9.957437515258789
Nc1cccc(C(F)F)c1,"ANILINE, 3-(DIFLUOROMETHYL)",10.890825271606445
Nc1cccc(C(F)(F)F)c1,"ANILINE, 3-(TRIFLUOROMETHYL)",0.5215875506401062
CN(C)c1ccc(Br)cc1,"ANILINE, 4-BROMO, N,N-DIMETHYL",23.388277053833008
Nc1ccc(F)cc1,"ANILINE, 4-FLUORO",0.5023738741874695
COc1ccc(N)cc1,"ANILINE, 4-METHOXY",7.746846675872803
Nc1ccc(SC(F)F)cc1,"ANILINE, 4-[(DIFLUOROMETHYL)THIO]",17.62319564819336
CCCCN(CCCC)c1ccccc1,"ANILINE, N,N-DIBUTYL",28.607385635375977
CCN(CC)c1ccccc1,"ANILINE, N,N-DIETHYL",11.993362426757812
CN(C)c1cccc([N+](=O)[O-])c1,"ANILINE, N,N-DIMETHYL, 3-NITRO",48.568092346191406
CN(C)c1ccc(N=O)cc1,"ANILINE, N,N-DIMETHYL, 4-NITROSO",6.799960613250732
CN(C)c1ccccc1,"ANILINE, N,N-DIMETHYL",13.166524887084961
CNc1ccccc1,"ANILINE, N-METHYL",5.322137355804443
Nc1ccccc1,ANILINE,0.5277745127677917
CC(=O)N1CC1,"AZIRIDINE, 1-ACETYL",6.185046195983887
Cc1ccc(N=Nc2ccc(OCc3ccc(Cl)cc3)c(C)c2)cc1,"AZOBENZENE, 3,4'-DIMETHYL-4-[(4-CHLOROBENZYL)OXY]",0.5630466938018799
c1ccc(N=Nc2ccccc2)cc1,AZOBENZENE,0.3138415217399597
CCCCCCCOc1ccc(N=[N+]([O-])c2ccc(OCCCCCCC)cc2)cc1,"AZOXYBENZENE, 4,4'-DIHEPTOXY",0.04206838831305504
CCCCCCOc1ccc(N=[N+]([O-])c2ccc(OCCCCCC)cc2)cc1,"AZOXYBENZENE, 4,4'-DIHEXOXY",0.1403658092021942
O=Cc1ccc([N+](=O)[O-])cc1[N+](=O)[O-],"BENZALDEHYDE, 2,4-DINITRO",11.674073219299316
O=Cc1cccc([N+](=O)[O-])c1,"BENZALDEHYDE, 3-NITRO",25.720144271850586
CN(C)c1ccc(C=O)cc1,"BENZALDEHYDE, 4(DIMETHYLAMINO)",8.543662071228027
O=Cc1ccccc1,BENZALDEHYDE,3.029000997543335
Clc1ccc(Cl)c(Cl)c1,"BENZENE, 1,2,4-TRICHLORO",3.247131109237671
O=C(Oc1ccccc1OC(=O)c1ccccc1)c1ccccc1,"BENZENE, 1,2-DIHYDROXY, DIBENZOATE",14.552544593811035
CCCC(=O)Oc1ccccc1OC(=O)CCC,"BENZENE, 1,2-DIHYDROXY, DIBUTYRATE",9.858439445495605
Cc1ccccc1C,"BENZENE, 1,2-DIMETHYL",67.87873840332031
c1ccc(-c2ccccc2-c2ccccc2)cc1,"BENZENE, 1,2-DIPHENYL",3.436279535293579
O=[N+]([O-])c1cc([N+](=O)[O-])cc([N+](=O)[O-])c1,"BENZENE, 1,3,5-TRINITRO",23.178302764892578
Nc1cccc(N)c1,"BENZENE, 1,3-DIAMINO",3.4033565521240234
COc1cccc(OC)c1,"BENZENE, 1,3-DIMETHOXY",13.063801765441895
Cc1cccc(C)c1,"BENZENE, 1,3-DIMETHYL",59.51945495605469
COc1c([N+](=O)[O-])cc(C(F)(F)F)cc1[N+](=O)[O-],"BENZENE, 1,3-DINITRO, 2-METHOXY, 5-(TRIFLUOROMETHYL)",1.4671056270599365
c1ccc(-c2cccc(-c3ccccc3)c2)cc1,"BENZENE, 1,3-DIPHENYL",2.976249933242798
Cc1ccc(C)cc1,"BENZENE, 1,4-DIMETHYL",53.70273971557617
O=[N+]([O-])c1cccc(OC(F)F)c1,"BENZENE, 1-(DIFLUOROMETHOXY), 3-NITRO",25.087539672851562
O=[N+]([O-])c1ccc(OC(F)F)cc1,"BENZENE, 1-(DIFLUOROMETHOXY), 4-NITRO",30.667985916137695
Nc1ccccc1S,"BENZENE, 1-AMINO, 2-MERCAPTO",3.693209648132324
Cc1cc(C)cc(N)c1,"BENZENE, 1-AMINO, 3,5-DIMETHYL",0.4579935669898987
Fc1ccc(Br)cc1,"BENZENE, 1-BROMO, 4-FLUORO",46.716373443603516
COc1ccc(Br)cc1,"BENZENE, 1-BROMO, 4-METHOXY",9.729114532470703
O=[N+]([O-])c1ccc(Cl)c([N+](=O)[O-])c1,"BENZENE, 1-CHLORO, 2,4-DINITRO",10.403509140014648
O=[N+]([O-])c1ccccc1Cl,"BENZENE, 1-CHLORO-2-NITRO",28.250381469726562
CCc1ccccc1[N+](=O)[O-],"BENZENE, 1-ETHYL, 2-NITRO",14.988428115844727
CCc1ccc([N+](=O)[O-])cc1,"BENZENE, 1-ETHYL, 4-NITRO",14.562636375427246
O=[N+]([O-])c1ccc(F)c([N+](=O)[O-])c1,"BENZENE, 1-FLUORO, 2,4-DINITRO",18.467050552368164
COc1ccccc1F,"BENZENE, 1-FLUORO, 2-METHOXY",24.100107192993164
O=[N+]([O-])c1ccccc1F,"BENZENE, 1-FLUORO, 2-NITRO",126.70584106445312
O=[N+]([O-])c1cccc(F)c1,"BENZENE, 1-FLUORO, 3-NITRO",164.59828186035156
O=[N+]([O-])c1ccc(F)cc1,"BENZENE, 1-FLUORO, 4-NITRO",107.15943145751953
COc1ccc(C(F)(F)F)cc1[N+](=O)[O-],"BENZENE, 1-METHOXY, 2-NITRO, 4-(TRIFLUOROMETHYL)",44.671207427978516
COc1cccc([N+](=O)[O-])c1,"BENZENE, 1-METHOXY, 3-NITRO",49.18478012084961
Cc1ccccc1[N+](=O)[O-],"BENZENE, 1-METHYL-2-NITRO",39.97270202636719
Cc1ccc([N+](=O)[O-])cc1,"BENZENE, 1-METHYL-4-NITRO",22.273902893066406
O=[N+]([O-])c1cccc(SC(F)(F)F)c1,"BENZENE, 1-NITRO, 3-[ (TRIFLUOROMETHYL) THIO]",13.815913200378418
O=[N+]([O-])c1ccc(SC(F)(F)F)cc1,"BENZENE, 1-NITRO, 4-[ (TRIFLUOROMETHYL) THIO]",10.079815864562988
O=[N+]([O-])c1ccccc1SC(F)F,"BENZENE, 1-[(DIFLUOROMETHYL)THIO], 2-NITRO",22.447980880737305
O=[N+]([O-])c1ccc(SC(F)F)cc1,"BENZENE, 1-[(DIFLUOROMETHYL)THIO], 4-NITRO",23.467479705810547
O=[N+]([O-])c1ccc(F)cc1F,"BENZENE, 2,4-DIFLUORO, 1-NITRO",144.86297607421875
CCc1c([N+](=O)[O-])cc([N+](=O)[O-])cc1[N+](=O)[O-],"BENZENE, 2-ETHYL, 1,3,5-TRINITRO",13.78711986541748
Cc1cc(C)c([N+](=O)[O-])c(C)c1,"BENZENE, 2-NITRO, 1,3,5-TRIMETHYL",6.968142986297607
O=[N+]([O-])c1cc(C(F)(F)F)ccc1C(F)(F)F,"BENZENE, 2-NITRO, 1,4-BIS(TRIFLUOROMETHYL)",46.050540924072266
O=[N+]([O-])c1c(F)ccc(F)c1F,"BENZENE, 3-NITRO, 1,2,4-TRIFLUORO",81.15808868408203
COc1ccc(F)cc1[N+](=O)[O-],"BENZENE, 4-FLUORO, 1-METHOXY, 2-NITRO",59.1101188659668
O=[N+]([O-])c1c(F)cc(F)c(F)c1F,"BENZENE, 4-NITRO, 1,2,3,5-TETRAFLUORO",83.46833801269531
Brc1ccccc1,"BENZENE, BROMO",162.922607421875
ClCc1ccccc1,"BENZENE, CHLOROMETHYL",2.7209665775299072
Clc1ccccc1,"BENZENE, CHLORO",1.213332176208496
c1ccc(C2CCCCC2)cc1,"BENZENE, CYCLOHEXYL",17.431821823120117
CCOc1c(F)c(F)c(F)c(F)c1F,"BENZENE, ETHOXY, 2,3,4,5,6-PENTAFLUORO",1.0742530822753906
CCOc1ccccc1,"BENZENE, ETHOXY",32.52700424194336
CCc1ccccc1,"BENZENE, ETHYL",76.9738540649414
Fc1ccccc1,"BENZENE, FLUORO",119.57182312011719
CCCCCCc1ccccc1,"BENZENE, HEXYL",2.0137462615966797
Ic1ccccc1,"BENZENE, IODO",93.3003158569336
CC(C)c1ccccc1,"BENZENE, ISOPROPYL",245.353759765625
COc1c(F)c(F)c(F)c(F)c1F,"BENZENE, METHOXY, 2,3,4,5,6-PENTAFLUORO",2.075631618499756
COc1ccccc1,"BENZENE, METHOXY",24.477798461914062
O=[N+]([O-])c1c(F)c(F)c(F)c(F)c1F,"BENZENE, NITRO, 2,3,4,5,6-PENTAFLUORO",22.79897117614746
O=[N+]([O-])c1ccccc1,"BENZENE, NITRO",70.16981506347656
CCCCCCCCCCCCCCCCCCc1ccccc1,"BENZENE, OCTADECYL",1.17403244972229
CCCCCCCCc1ccccc1,"BENZENE, OCTYL",1.644296646118164
Fc1c(F)c(F)c(F)c(F)c1F,"BENZENE, PERFLUORO",11.316779136657715
FC(F)(F)c1ccccc1,"BENZENE, TRIFLUOROMETHYL",52.39999008178711
CC(C)NS(=O)(=O)c1ccccc1,"BENZENESULFONIC ACID, N-ISOPROPYL, AMIDE",6.0212178230285645
O=S(=O)(Oc1ccccc1)C(F)(F)F,"BENZENESULFONIC ACID, TRIFLUOROMETHYL ESTER",3.396970510482788
c1ccccc1,BENZENE,11.817643165588379
COC(=O)c1ccccc1O,"BENZOIC ACID, 2-HYDROXY-, METHYL ESTER",6.938350677490234
CCCCNC(=O)c1ccccc1,"BENZOIC ACID, AMIDE, N-BUTYL",1.9694461822509766
CCCCCNC(=O)c1ccccc1,"BENZOIC ACID, AMIDE, N-PENTYL",0.7757151126861572
CCOC(=O)c1ccccc1,"BENZOIC ACID, ETHYL ESTER",74.42752838134766
COC(=O)c1ccccc1,"BENZOIC ACID, METHYL ESTER",117.04396057128906
N#Cc1ccccc1,"BENZOIC ACID, NITRILE",19.432756423950195
N#Cc1c(F)c(F)c(F)c(F)c1F,"BENZOIC ACID, PENTAFLUORO, NITRILE",17.29470443725586
N#Cc1cccc(C(F)(F)F)c1,"BENZONITRILE, 3-(TRIFLUOROMETHYL)",66.10601806640625
O=C(c1ccccc1)c1ccccc1,BENZOPHENONE,3.567997455596924
OCc1ccccc1,BENZYL ALCOHOL,4.787588119506836
C=C1CCC2CC1C2(C)C,BETA-PINENE,190.27044677734375
C1CCC(C2CCCCC2)CC1,BICYCLOHEXYL,5.245486736297607
Cc1ccc(-c2ccc(C)cc2)cc1,"BIPHENYL, 4,4'-DIMETHYL",3.2114572525024414
CCCCCCCOc1ccc(-c2ccc(C#N)cc2)cc1,"BIPHENYL, 4-CARBONITRILE, 4'-(HEPTYLOXY)",9.987903594970703
CCCCCCOc1ccc(-c2ccc(C#N)cc2)cc1,"BIPHENYL, 4-CARBONITRILE, 4'-(HEXYLOXY)",14.290811538696289
CCCCCCCCOc1ccc(-c2ccc(C#N)cc2)cc1,"BIPHENYL, 4-CARBONITRILE, 4'-(OCTYLOXY)",4.851968288421631
CCCCCOc1ccc(-c2ccc(C#N)cc2)cc1,"BIPHENYL, 4-CARBONITRILE, 4'-(PENTYLOXY)",13.628281593322754
c1ccc(Cc2ccccc2-c2ccccc2)cc1,"BIPHENYL, BENZYL",4.206634998321533
c1ccc(-c2ccccc2)cc1,BIPHENYL,3.502246856689453
CCCC=O,BUTANAL,0.3180398941040039
CCCCN(CCCC)C(=O)C(C)(C)CC,"BUTANAMIDE, N,N-DIBUTYL, 2,2-DIMETHYL",7.636322498321533
FCC(F)(F)C(F)(F)C(F)(F)F,"BUTANE, 1,1,1,2,2,3,3,4-OCTAFLUORO",130.93505859375
C1CCC(CCCCC2CCCC2)C1,"BUTANE, 1,4-DICYCLOPENTYL",7.921151638031006
CCCCN,"BUTANE, 1-AMINO",3.725050926208496
CCCCCl,"BUTANE, 1-CHLORO",987.1434326171875
CC(C)C(C)(C)C,"BUTANE, 2,2,3-TRIMETHYL",220.2063446044922
CCC(C)(C)C,"BUTANE, 2,2-DIMETHYL",216.58856201171875
CC(C)C(C)C,"BUTANE, 2,3-DIMETHYL",54.101200103759766
CCC(C)C,"BUTANE, 2-METHYL",38.67864990234375
CCCC,BUTANE,13.95888900756836
CC(=O)C1CCOC1=O,"BUTANOIC ACID, 2-ACETYL, 4-HYDROXY, GAMMA-LACTONE",2.2117698192596436
O=C1OCCC1Br,"BUTANOIC ACID, 2-BROMO, 4-HYDROXY, GAMMA-LACTONE",1.6092753410339355
CC(=O)CC#N,"BUTANOIC ACID, 3-OXO, NITRILE",12.476472854614258
COC(=O)CC(C)=O,"BUTANOIC ACID, 3-OXO-, METHYL ESTER",595.4833374023438
O=C1CCCO1,"BUTANOIC ACID, 4-HYDROXY, LACTONE",7.258289813995361
CCCC(=O)OCC,"BUTANOIC ACID, ETHYL ESTER",75.81746673583984
CCCC#N,"BUTANOIC ACID, NITRILE",0.6843618750572205
COC(=O)N(C)C,"CARBAMIC ACID, N,N-DIMETHYL, METHYL ESTER",2.3405609130859375
S=C=S,CARBON DISULFIDE,20.379566192626953
COC(=O)OC,"CARBONIC ACID, DIMETHYL ESTER",28.956390380859375
CCCCOC(=O)CC(CC(=O)OCCCC)(OC(C)=O)C(=O)OCCCC,"CITRIC ACID, TRIBUTYL ESTER.ACETATE",1.5785044431686401
OC1CCCCCC1,CYCLOHEPTANOL,0.9975605607032776
C=C(C)C1CCCC(C)C1,"CYCLOHEXANE, 1-METHYL-3-(1-METHYLETHENYL)",66.09123229980469
CC(=O)C1=CCCCC1,"CYCLOHEXANE, ACETYL",16.36048698425293
NC1CCCCC1,"CYCLOHEXANE, AMINO",0.24198128283023834
BrC1CCCCC1,"CYCLOHEXANE, BROMO",458.2001037597656
CCCCC1CCCCC1,"CYCLOHEXANE, BUTYL",8.782928466796875
ClC1CCCCC1,"CYCLOHEXANE, CHLORO",2717.704345703125
N#CC1CCCCC1,"CYCLOHEXANE, CYANO",22.524629592895508
CCCCCCCCCCC1CCCCC1,"CYCLOHEXANE, DECYL",14.96306037902832
CC1CCCCC1,"CYCLOHEXANE, METHYL",679.0977172851562
O=[N+]([O-])C1CCCCC1,"CYCLOHEXANE, NITRO",6.449435234069824
CCCCCCCCCCCCCCCCCCC1CCCCC1,"CYCLOHEXANE, OCTADECYL",0.29464802145957947
CCCCCCCCCCCCCCC1CCCCC1,"CYCLOHEXANE, TETRADECYL",1.2467083930969238
O=CC1CCCCC1,CYCLOHEXANECARBOXALDEHYDE,1.6243795156478882
COC(=O)C1CCCCC1,"CYCLOHEXANECARBOXYLIC ACID, METHYL ESTER",1.9523046016693115
C1CCCCC1,CYCLOHEXANE,9840.3662109375
OC1CCCCC1,CYCLOHEXANOL,2.07033109664917
O=C1CCCCC1,CYCLOHEXANONE,5.694149017333984
C[Si]1(C)O[Si](C)(C)O[Si](C)(C)O[Si](C)(C)O[Si](C)(C)O[Si](C)(C)O1,"CYCLOHEXASILOXANE, DODECAMETHYL",0.07183470577001572
O=[N+]([O-])C1CC=CCC1,"CYCLOHEXENE, 4-NITRO",10.28095531463623
C1=CCCCC1,CYCLOHEXENE,332.7563171386719
C1CCCCCCC1,CYCLOOCTANE,831.4851684570312
CC1CCCC1c1ccccc1,"CYCLOPENTANE, 1-METHYL, 2-PHENYL",21.038455963134766
CCCCC1CCCC1,"CYCLOPENTANE, BUTYL",77.17630004882812
CCC1CCCC1,"CYCLOPENTANE, ETHYL",145.37255859375
CCCCCCC1CCCC1,"CYCLOPENTANE, HEXYL",3.812417984008789
CC(C)C1CCCC1,"CYCLOPENTANE, ISOPROPYL",19.357208251953125
CC1CCCC1,"CYCLOPENTANE, METHYL",28.187118530273438
C1CCCC1,CYCLOPENTANE,13983.0595703125
OC1CCCC1,CYCLOPENTANOL,2.161639928817749
O=C1CCCC1,CYCLOPENTANONE,6.484481334686279
CC1C=CCC1,"CYCLOPENTENE, 3-METHYL",13.192633628845215
C[Si]1(C)O[Si](C)(C)O[Si](C)(C)O[Si](C)(C)O1,"CYCLOTETRASILOXANE, OCTAMETHYL",0.4556048512458801
C1CC[C@H]2CCCC[C@H]2C1,DECALIN(CIS),46.987674713134766
C1CC[C@H]2CCCC[C@@H]2C1,DECALIN(TRANS),38.750919342041016
CCCCCCCCCCc1ccccc1,"DECANE, 1-PHENYL",1.2526612281799316
CCCCC(CC)COC(=O)CCCCCCCCC(=O)OCC(CC)CCCC,"DECANEDIOIC ACID, DI(2-ETHYLHEXYL) ESTER",7.440852642059326
CCCCOC(=O)CCCCCCCCC(=O)OCCCC,"DECANEDIOIC ACID, DIBUTYL ESTER",0.8700771331787109
CCCCCCOC(=O)CCCCCCCCC(=O)OCCCCCC,"DECANEDIOIC ACID, DIHEXYL ESTER",1.6920661926269531
CCCCCCCCCOC(=O)CCCCCCCCC(=O)OCCCCCCCCC,"DECANEDIOIC ACID, DINONYL ESTER",9.636062622070312
O=C(O)CCCCCCCCC(=O)O,DECANEDIOIC ACID,6.368535995483398
CCCCCCCCCC,DECANE,8.700957298278809
CCCCCCCCCC(CCCCCCCC(=O)OC)C(F)(F)C(F)(F)C(F)(F)C(F)(F)C(F)(F)C(F)(F)C(F)(F)C(F)(F)F,"DECANOIC ACID, 10(9)-PERFLUOROOCTYL, METHYL ESTER",2.222165107727051
c1ccc2c(c1)oc1ccccc12,DIBENZOFURAN,6.109239101409912
N#CCCOCCOc1ccc(Cl)cc1Cl,DICHLOROPHENOXY-BETA-CYANOETHYL ETHER,3.37209415435791
CCCCOCCOCCOCCCC,"DIETHYLENE GLYCOL, DIBUTYL ETHER",3.898646116256714
CCOCCOCCOCC,"DIETHYLENE GLYCOL, DIETHYL ETHER",1.1664059162139893
OCCOCCO,DIETHYLENE GLYCOL,7.037698745727539
C1COOC1,DIOXOLANE,4.249598979949951
CCCCCCCCCCCCCCCCCCCCCC,DOCOSANE,0.7260096073150635
CCCCCCCCCCCC(=O)N(CC)CC,"DODECANAMIDE, N,N-DIETHYL",3.590383291244507
NCCCCCCCCCCCCN,"DODECANE, 1,12-DIAMINO",2.666192054748535
CCCCCCCCCCCCc1ccccc1,"DODECANE, 1-PHENYL",1.3663917779922485
N#CCCCCCCCCCCC#N,"DODECANEDIOIC ACID, DINITRILE",7.638167381286621
CCCCCCCCCCCC,DODECANE,209.1040496826172
CCCCCCCCCCCCCCCCCCC(CCCCCCCCCCCCCCCCCC)CCCCC(CCCCCCCCCCCCCCCCCC)CCCCCCCCCCCCCCCCCC,"DOTETRACONTANE, 19,24-DIOCTADECYL",0.342537522315979
CCCCCCCCCCCCCCCCCCCCCCCCCCCCCCCC,DOTRIACONTANE,0.2726593315601349
CCCCCCCCCCCCCCCCCCCC,EICOSANE,2.0644805431365967
CC[Te]CC,"ETHANE, 1,1'-TELLUROBIS",1420.32421875
FCC(F)(F)F,"ETHANE, 1,1,1,2-TETRAFLUORO",2.844954013824463
CC(Cl)(Cl)Cl,"ETHANE, 1,1,1-TRICHLORO",1619.7633056640625
BrC(Br)C(Br)Br,"ETHANE, 1,1,2,2-TETRABROMO",43.45088195800781
ClC(Cl)C(Cl)Cl,"ETHANE, 1,1,2,2-TETRACHLORO",412.47174072265625
FC(F)(Cl)C(F)(Cl)Cl,"ETHANE, 1,1,2-TRICHLORO, 1,2,2-TRIFLUORO",3636.09716796875
ClCC(Cl)Cl,"ETHANE, 1,1,2-TRICHLORO",18.269784927368164
CC(Cl)Cl,"ETHANE, 1,1-DICHLORO",9.289582252502441
CCOC(C)OCC,"ETHANE, 1,1-DIETHOXY",2.36444091796875
CC(F)F,"ETHANE, 1,1-DIFLUORO",0.9424099326133728
CC(c1ccccc1)c1ccccc1,"ETHANE, 1,1-DIPHENYL",3.803218126296997
N#CCCNCCNCCC#N,"ETHANE, 1,2-DIAMINO-BIS-(DI-2-CYANOETHYL) ETHER",6.366680145263672
NCCN,"ETHANE, 1,2-DIAMINO",8.563355445861816
BrCCBr,"ETHANE, 1,2-DIBROMO",16.555408477783203
ClCCCl,"ETHANE, 1,2-DICHLORO",7.449212551116943
COCCOC,"ETHANE, 1,2-DIMETHOXY",12.567816734313965
c1ccc(CCc2ccccc2)cc1,"ETHANE, 1,2-DIPHENYL",6.261320114135742
FC(F)(F)C(Cl)Br,"ETHANE, 1-BROMO, 1-CHLORO, 2,2,2-TRIFLUORO",18.804304122924805
FC(Cl)C(F)(F)Br,"ETHANE, 1-BROMO, 2-CHLORO, 1,1,2-TRIFLUORO",19.994277954101562
CCBr,"ETHANE, BROMO",31.921232223510742
CCCl,"ETHANE, CHLORO",6.009031772613525
CC[N+](=O)[O-],"ETHANE, NITRO",10.310745239257812
OCC(F)(F)F,"ETHANOL, 2,2,2-TRIFLUORO",1.5904988050460815
NCCO,"ETHANOL, 2-AMINO",9.529597282409668
OCCCl,"ETHANOL, 2-CHLORO",8.78466796875
OCCS,"ETHANOL, 2-MERCAPTO",2.3193633556365967
COCCO,"ETHANOL, 2-METHOXY",2.8440685272216797
O=[N+]([O-])CCO,"ETHANOL, 2-NITRO",0.49686214327812195
OCCc1ccccc1,"ETHANOL, 2-PHENYL",0.6989064812660217
CCO,ETHANOL,1.1191837787628174
CC(=O)c1cccc2ccccc12,"ETHANONE, 1-(1-NAPHTHALENYL)",9.56932544708252
C=C(Cl)Cl,"ETHENE, 1,1-DICHLORO",10.898656845092773
Cl/C=C\Cl,"ETHENE, 1,2-DICHLORO(CIS)",74.47795104980469
Cl/C=C/Cl,"ETHENE, 1,2-DICHLORO(TRANS)",9.777616500854492
C=CBr,"ETHENE, BROMO",1.8082584142684937
ClC(Cl)=C(Cl)Cl,"ETHENE, TETRACHLORO",35.99570846557617
ClC=C(Cl)Cl,"ETHENE, TRICHLORO",265.8742980957031
Fc1c(F)c(F)c(Oc2c(F)c(F)c(F)c(F)c2F)c(F)c1F,"ETHER, BIS(PENTAFLUOROPHENYL)",2.6678647994995117
Fc1c(F)c(C(F)(F)F)c(F)c(F)c1Oc1c(F)c(F)c(C(F)(F)F)c(F)c1F,"ETHER, BIS[2,3,5,6-TETRAFLUORO-4-(TRIFLUOROMETHYL)]",3.658297061920166
c1ccc(COCc2ccccc2)cc1,"ETHER, DIBENZYL",43.6868782043457
CCCCOCCCC,"ETHER, DIBUTYL",55.07189178466797
CCOCC,"ETHER, DIETHYL",0.7775683403015137
CC(C)OC(C)C,"ETHER, DIISOPROPYL",4.170333385467529
COC,"ETHER, DIMETHYL",2.400554656982422
CCCCCCCCOCCCCCCCC,"ETHER, DIOCTYL",1.0524204969406128
c1ccc(Oc2ccccc2)cc1,"ETHER, DIPHENYL",12.79112434387207
CCCOCCC,"ETHER, DIPROPYL",31.931238174438477
CCC(C)(C)OC,"ETHER, METHYL TERT.PENTYL",3.5324621200561523
CCOC(C)(C)C,"ETHER, TERT. BUTYL ETHYL",1.793810248374939
COC(C)(C)C,"ETHER, TERT.BUTYL METHYL",1.6410224437713623
COCCN,"ETHYLAMINE, 2-METHOXY",0.6296448707580566
C(#Cc1ccccc1)c1ccccc1,"ETHYNE, DIPHENYL",2.9942657947540283
c1ccc2c(c1)Cc1ccccc1-2,FLUORENE,2.0871243476867676
CCCCN(C=O)CCCC,"FORMIC ACID, AMIDE, N,N-DIBUTYL",1.8091977834701538
CCN(C=O)CC,"FORMIC ACID, AMIDE, N,N-DIETHYL",6.681914329528809
CN(C)C=O,"FORMIC ACID, AMIDE, N,N-DIMETHYL",3.117642879486084
O=CN(c1ccccc1)c1ccccc1,"FORMIC ACID, AMIDE, N,N-DIPHENYL",4.971403121948242
CCNC=O,"FORMIC ACID, AMIDE, N-ETHYL",1.6003631353378296
CC(C)NC=O,"FORMIC ACID, AMIDE, N-ISOPROPYL",14.69375228881836
CNC=O,"FORMIC ACID, AMIDE, N-METHYL",12.563138961791992
NC=O,"FORMIC ACID, AMIDE",181.19732666015625
CCOC=O,"FORMIC ACID, ETHYL ESTER",2.6012771129608154
CCOC(=O)/C=C/C(=O)OCC,"FUMARIC ACID, DIETHYL ESTER",104.76021575927734
N#C/C=C/C#N,"FUMARIC ACID, NITRILE",82.914794921875
NCc1ccco1,"FURAN, 2(AMINOMETHYL)",4.522621154785156
COc1ccco1,"FURAN, 2-METHOXY",4.135504722595215
Cc1occc1[N+](=O)[O-],"FURAN, 2-METHYL, 3-NITRO",144.11647033691406
Cc1ccc([N+](=O)[O-])o1,"FURAN, 2-METHYL, 5-NITRO",80.25917053222656
O=[N+]([O-])c1ccco1,"FURAN, 2-NITRO",12.102822303771973
N#CC1CCCO1,"FURAN, TETRAHYDRO, 2-CYANO",6.3542890548706055
C1CCOC1,"FURAN, TETRAHYDRO",1.0521934032440186
Cc1nonc1C,"FURAZAN, 3,4-DIMETHYL",32.272396087646484
Cc1ccc(C=O)o1,"FURFURAL, 5-METHYL",7.315291881561279
O=Cc1ccc([N+](=O)[O-])o1,"FURFURAL, 5-NITRO",45.38803482055664
O=CC1CCCO1,"FURFURAL, TETRAHYDRO",2.516758680343628
O=Cc1ccco1,FURFURAL,13.85860538482666
OCC(O)CO,GLYCEROL,0.11018390208482742
CCCCCCCCCCC(=O)Oc1ccc(N=Nc2ccc(OCC)cc2)cc1,"HENDECANOIC ACID, 4(4'-ETHOXYPHENYLAZO) PHENYL",0.2887134552001953
CCCCCCCCCCCCCCCCCCCCC,HENEICOSANE,1.180840015411377
CCCCCCCCCCCCCCCCC,HEPTADECANE,30.72658348083496
CCCCCCCCCCCCCCCCC#N,"HEPTADECANOIC ACID, NITRILE",0.5316269397735596
CCCCCCC=O,HEPTANAL,16.54855728149414
CC(C)CCCC(C)C,"HEPTANE, 2,6-DIMETHYL",39.69483184814453
FC(F)(F)C(F)(F)C(F)(F)C(F)(F)C(F)(F)C(F)(F)C(F)(F)F,"HEPTANE, PERFLUORO",742.1876220703125
N#CCCCCCC#N,"HEPTANEDIOIC ACID, DINITRILE",15.139514923095703
CCCCCCCCOC(=O)CCCCCC(=O)OCCCCCCCC,"HEPTANEDIOIC ACID, DIOCTYL ESTER",3.572087049484253
O=C(O)CCCCCC(=O)O,HEPTANEDIOIC ACID,24.018762588500977
CCCCCCC,HEPTANE,108.92091369628906
CCCCCCC#N,"HEPTANOIC ACID, NITRILE",7.016433238983154
CCCCCCCCCCCCCCCCN,"HEXADECANE, 1-AMINO",0.059445224702358246
CCCCCCCCCCCCCCCCBr,"HEXADECANE, 1-BROMO",1.3676470518112183
CCCCCCCCCCCCCCCCCl,"HEXADECANE, 1-CHLORO",2.4718382358551025
CCCCCCCCCCCCCCCCI,"HEXADECANE, 1-IODO",0.7869085073471069
CCCCCCCCCCCCCCCC,HEXADECANE,48.74584197998047
CCCCCCCCCCCCCCCC(=O)OCC(COC(=O)CCCCCCCCCCCCCCC)OC(=O)CCCCCCCCCCCCCCC,"HEXADECANOIC ACID, 1,2,3-PROPANETRIYL ESTER",0.30975663661956787
CCCCCCCCCCCCCCCC(=O)O,HEXADECANOIC ACID,0.00024817208759486675
O=C1CCCCCO1,"HEXAMETHYLENE OXIDE, 2-OXO",3.456697940826416
CCCCCCCl,"HEXANE, 1-CHLORO",523.73291015625
CC(C)CCC(C)(C)C,"HEXANE, 2,2,5-TRIMETHYL",128.10081481933594
CCC(C)CC(C)C,"HEXANE, 2,4-DIMETHYL",72.13324737548828
CCCCC(C)C,"HEXANE, 2-METHYL",96.69978332519531
CCCC(C)CC,"HEXANE, 3-METHYL",100.20663452148438
FC(F)(F)C(F)(F)C(F)(F)C(F)(F)C(F)(F)C(F)(F)F,"HEXANE, PERFLUORO",310.91204833984375
CCCCC(CC)COC(=O)CCCCC(=O)OCC(CC)CCCC,"HEXANEDIOIC ACID, DI(2-ETHYLHEXYL) ESTER",3.5252268314361572
CCCCOC(=O)CCCCC(=O)OCCCC,"HEXANEDIOIC ACID, DIBUTYL ESTER",0.8380007147789001
CCCCCCOC(=O)CCCCC(=O)OCCCCCC,"HEXANEDIOIC ACID, DIHEXYL ESTER",0.8984657526016235
N#CCCCCC#N,"HEXANEDIOIC ACID, DINITRILE",14.637866020202637
CCCCCCCCOC(=O)CCCCC(=O)OCCCCCCCC,"HEXANEDIOIC ACID, DIOCTYL ESTER",1.6920658349990845
CCCCCC,HEXANE,12.667799949645996
CCCCC(CC)C(=O)N(CCCC)CCCC,"HEXANOIC ACID, 2-ETHYL, AMIDE, N,N-DIBUTYL",6.584146499633789
CC(=O)CCCC#N,"HEXANOIC ACID, 5-OXO, NITRILE",7.250213146209717
O=C1CCCCCN1,"HEXANOIC ACID, 6-AMINO, CYCLIC LACTAM",0.8520883321762085
CCN1CCCCCC1=O,"HEXANOIC ACID, 6-AMINO, LACTAM, N-ETHYL",0.5287425518035889
CN1CCCCCC1=O,"HEXANOIC ACID, 6-AMINO, LACTAM, N-METHYL",0.3319995701313019
CCCCCC#N,"HEXANOIC ACID, NITRILE",19.28667640686035
CCCCCCCCCCCCCCCCCCCCCCCCCCCCCCCCCCCC,HEXATRIACONTANE,0.39317119121551514
C1=Cc2ccccc2C1,INDENE,2.8789258003234863
CCCCN=C=O,"ISOCYANIC ACID, BUTYL ESTER",32.1418571472168
O=C=NCCCCCCN=C=O,"ISOCYANIC ACID, HEXAMETHYLENE ESTER",6.965196132659912
c1ccc2cnccc2c1,ISOQUINOLINE,0.3646946847438812
Cc1cc(C)on1,"ISOXAZOLE, 3,5-DIMETHYL",5.928459167480469
Cc1oncc1[N+](=O)[O-],"ISOXAZOLE, 5-METHYL, 4-NITRO",13.121476173400879
Cc1ccno1,"ISOXAZOLE, 5-METHYL",2.6683337688446045
CCCCOC(=O)/C=C\C(=O)OCCCC,"MALEIC ACID, DIBUTYL ESTER",3.3718230724334717
CCOC(=O)/C=C\C(=O)OCC,"MALEIC ACID, DIETHYL ESTER",38.911842346191406
COC(=O)/C=C\C(=O)OC,"MALEIC ACID, DIMETHYL ESTER",412.83203125
N#C/C=C\C#N,"MALEIC ACID, DINITRILE",27.505647659301758
CCCCCCCCCCOC(=O)CC(=O)OCCCCCCCCCC,"MALONIC ACID, DIDECYL ESTER",2.3288536071777344
CCOC(=O)CC(=O)OCC,"MALONIC ACID, DIETHYL ESTER",346.793212890625
COC(=O)CC(=O)OC,"MALONIC ACID, DIMETHYL ESTER",126.12257385253906
N#CCC#N,"MALONIC ACID, DINITRILE",15.385503768920898
COC(=O)CC#N,"MALONIC ACID, MONOMETHYL ESTER, MONONITRILE",41.60017395019531
ClCCl,"METHANE, DICHLORO",17.085172653198242
CCOCOCC,"METHANE, DIETHOXY",1.4880996942520142
ICI,"METHANE, DIIODO",2.5606579780578613
c1ccc(Cc2ccccc2)cc1,"METHANE, DIPHENYL",7.894968032836914
CI,"METHANE, IODO",16.9013614654541
C[N+](=O)[O-],"METHANE, NITRO",5.819327354431152
BrC(Br)(Br)Br,"METHANE, TETRABROMO",19329.193359375
ClC(Cl)(Cl)Cl,"METHANE, TETRACHLORO",496.4396057128906
BrC(Br)Br,"METHANE, TRIBROMO",80.06270599365234
ClC(Cl)Cl,"METHANE, TRICHLORO",66.0427017211914
CN(C)CN(C)C,"METHANEDIAMINE, N,N,N',N'-TETRAMETHYL",0.17609310150146484
CC(=O)OCOC(C)=O,"METHANEDIOL, DIACETATE",185.2448272705078
CNS(C)(=O)=O,"METHANESULFONIC ACID, AMIDE, N-METHYL",1.888951063156128
OCc1ccco1,"METHANOL, (2-FURYL)",4.14186954498291
O=[N+]([O-])c1ccc(CO)o1,"METHANOL, (2-FURYL, 5-NITRO)",4.548257350921631
OCC1CCCO1,"METHANOL, (2-TETRAHYDROFURYL)",3.815488338470459
CO,METHANOL,18.720155715942383
N#CN1CCOCC1,"MORPHOLINE, 4-CYANO",10.706032752990723
CN1CCOC(=O)C1,"MORPHOLINE, 4-METHYL, 2-OXO",7.02643346786499
O=NN1CCOCC1,"MORPHOLINE, 4-NITROSO",13.390853881835938
CC(=O)N1CCOCC1,"MORPHOLINE, N-ACETYL",4.038877487182617
C1COCCN1,MORPHOLINE,9.638304710388184
CN1CCOCC1=O,"MORPHOLINONE, 4-METHYL, 3-OXO",5.404304027557373
CN(C)c1cccc2ccccc12,"NAPHTHALENE, 1(DIMETHYLAMINO)",58.67049789428711
Cc1ccc2ccccc2c1C,"NAPHTHALENE, 1,2-DIMETHYL",3.7946367263793945
Cc1ccc(C)c2ccccc12,"NAPHTHALENE, 1,4-DIMETHYL",3.5788283348083496
Nc1cccc2ccccc12,"NAPHTHALENE, 1-AMINO",1.921547532081604
Brc1cccc2ccccc12,"NAPHTHALENE, 1-BROMO",0.9206141233444214
Clc1cccc2ccccc12,"NAPHTHALENE, 1-CHLORO",0.9767020344734192
CCCCCCc1cccc2ccccc12,"NAPHTHALENE, 1-HEXYL",4.126459121704102
Oc1cccc2ccccc12,"NAPHTHALENE, 1-HYDROXY",3.2591917514801025
Cc1cccc2ccccc12,"NAPHTHALENE, 1-METHYL",4.853884696960449
O=[N+]([O-])c1cccc2ccccc12,"NAPHTHALENE, 1-NITRO",91.85770416259766
Clc1ccc2ccccc2c1,"NAPHTHALENE, 2-CHLORO",0.7024152874946594
CCOc1ccc2ccccc2c1,"NAPHTHALENE, 2-ETHOXY",53.51461410522461
c1ccc2ccccc2c1,NAPHTHALENE,2.4943079948425293
CCCCCCCCCCCCCCCCCCCc1ccccc1,"NONADECANE, 1-PHENYL",1.198800802230835
CCCCCCCCCCCCCCCCCCC,NONADECANE,3.8870811462402344
CCCCCCCCCBr,"NONANE, 1-BROMO",1.8027242422103882
CCCCCCCCCCl,"NONANE, 1-CHLORO",10.443624496459961
CCCCCCCOC(=O)CCCCCCCC(=O)OCCCCCCC,"NONANEDIOIC ACID, DIHEPTYL ESTER",3.572086811065674
CCCCCCCCC,NONANE,3.8272581100463867
CCCCCCCCC(=O)OC,"NONANOIC ACID, METHYL ESTER",0.06860402971506119
CCCCCCCCC#N,"NONANOIC ACID, NITRILE",1.6256638765335083
CCCCCCCCC(=O)O,NONANOIC ACID,0.0324857197701931
CCCCCCCCCCCCCCCCCCCCCCCCCCCC,OCTACOSANE,0.4572785794734955
CCCCCCCCCCCCCCCCCCCl,"OCTADECANE, 1-CHLORO",2.3665781021118164
CCCCCCCCCCCCCCCCCC,OCTADECANE,9.648744583129883
CCCCCCCCCCCCCCCCCC(N)=O,"OCTADECANOIC ACID, AMIDE",1.0971753597259521
CCCCCCCCCCCCCCCCCC(=O)Cl,"OCTADECANOIC ACID, CHLORIDE",26.10789680480957
CCCCCCCCCCCCCCCCCC(=O)OCC,"OCTADECANOIC ACID, ETHYL ESTER",7.872735977172852
CCCCCCCCCCCCCCCCCC(=O)O,OCTADECANOIC ACID,1.9273895025253296
CC(C)CCCCC(C)C,"OCTANE, 2,7-DIMETHYL",18.15192985534668
CCCCCCC(C)C1CCCC1,"OCTANE, 2-CYCLOPENTYL",20.465789794921875
CCCCCCC(C)C,"OCTANE, 2-METHYL",16.526500701904297
CCCCCC(C)CC,"OCTANE, 3-METHYL",35.912445068359375
FC(F)(F)C(F)(F)C(F)(F)C(F)(F)C(F)(F)C(F)(F)C(F)(F)C(F)(F)F,"OCTANE, OCTADECAFLUORO",2311.344970703125
CCCCCCCOC(=O)CCCCCCC(=O)OCCCCCCC,"OCTANEDIOIC ACID, DIHEPTYL ESTER",1.6920661926269531
CCCCCCOC(=O)CCCCCCC(=O)OCCCCCC,"OCTANEDIOIC ACID, DIHEXYL ESTER",0.6309065818786621
N#CCCCCCCC#N,"OCTANEDIOIC ACID, DINITRILE",6.37361478805542
CCCCCCCC,OCTANE,4.330256462097168
CCCCCCCC(=O)OCC(COC(=O)CCCCCCC)OC(=O)CCCCCCC,"OCTANOIC ACID, 1,2,3-PROPANETRIYL ESTER",10.882756233215332
CCOC(=O)C(F)(F)C(F)(Cl)C(F)(F)C(F)(Cl)C(F)(F)C(F)(Cl)C(F)(F)Cl,"OCTANOIC ACID, 1,2,4,6-TETRACHLORO, PERFLUORO, ETHYL ESTER",0.9982075095176697
CCCCCCCC(=O)OCC,"OCTANOIC ACID, ETHYL ESTER",0.7521076798439026
CCCCCCCC#N,"OCTANOIC ACID, NITRILE",2.9890613555908203
CCCCCCCC(=O)O,OCTANOIC ACID,0.11907102912664413
CCCCCCCCCCOC(=O)C(=O)OCCCCCCCCCC,"OXALIC ACID, DIDECYL ESTER",0.5390695333480835
CCOC(=O)C(=O)OCC,"OXALIC ACID, DIETHYL ESTER",42.71512222290039
CCC(=O)N1CCOC1,"OXAZOLIDINE, 3-(1-OXOPROPYL)",2.458902597427368
CC(=O)N1CCOC1,"OXAZOLIDINE, 3-ACETYL",4.165538787841797
CCCCCCCCCCCCCCCc1ccccc1,"PENTADECANE, 1-PHENYL",1.534641146659851
CCCCCCCCCCCCCCC,PENTADECANE,139.13157653808594
CCCCCCCCCCCCCCC#N,"PENTADECANOIC ACID, NITRILE",0.6052997708320618
CCCCCCl,"PENTANE, 1-CHLORO",2973.24755859375
CC(C)CC(C)(C)C,"PENTANE, 2,2,4-TRIMETHYL",162.12506103515625
CC(C)C(C)C(C)C,"PENTANE, 2,3,4-TRIMETHYL",73.05667877197266
CC(C)CC(C)C,"PENTANE, 2,4-DIMETHYL",217.68179321289062
CCCC(C)C,"PENTANE, 2-METHYL",118.87092590332031
CCC(C)CC,"PENTANE, 3-METHYL",49.99116516113281
COC(=O)CC(=O)CC(=O)OC,"PENTANEDIOIC ACID, 3-OXO, DIMETHYL ESTER",22.164045333862305
CCOC(=O)CCCC(=O)OCC,"PENTANEDIOIC ACID, DIETHYL ESTER",29.464237213134766
COC(=O)CCCC(=O)OC,"PENTANEDIOIC ACID, DIMETHYL ESTER",113.96916198730469
N#CCCCC#N,"PENTANEDIOIC ACID, DINITRILE",11.155489921569824
CCCCCCCCCOC(=O)CCCC(=O)OCCCCCCCCC,"PENTANEDIOIC ACID, DINONYL ESTER",3.545128107070923
CC(C#N)CCC#N,"PENTANEDIOIC ACID, METHYL, DINITRILE",6.030962944030762
C=C(C#N)CCC#N,"PENTANEDIOIC ACID, METHYLENE, DINITRILE",21.696529388427734
O=C1CCCC(=O)O1,PENTANEDIOIC ANHYDRIDE,1.682646632194519
CCCCC,PENTANE,14.098182678222656
CC(=O)CCC#N,"PENTANOIC ACID, 4-OXO, NITRILE",8.91008472442627
CCCCC#N,"PENTANOIC ACID, NITRILE",1.7712736129760742
CCCCCCCCCCCCCCCCCCCCCCCCCCCCCCCCCCC,PENTATRIACONTANE,0.34672465920448303
c1ccc2c(c1)CCc1ccccc1-2,"PHENANTHRENE, 9,10-DIHYDRO",1.2250055074691772
c1ccc2c(c1)ccc1ccccc12,PHENANTHRENE,0.1843372881412506
COc1ccccc1O,"PHENOL, 2-METHOXY",3.1227288246154785
O=[N+]([O-])c1ccccc1O,"PHENOL, 2-NITRO",0.5429669618606567
Oc1cccc(OC(F)F)c1,"PHENOL, 3-(DIFLUOROMETHOXY)",9.796683311462402
Oc1cccc(C(F)(F)F)c1,"PHENOL, 3-(TRIFLUOROMETHYL)",0.431211918592453
Oc1ccc(F)cc1,"PHENOL, 4-FLUORO",1.7095389366149902
Oc1c(F)c(F)c(F)c(F)c1F,"PHENOL, PENTAFLUORO",2.999546527862549
Oc1ccccc1,PHENOL,7.989445686340332
CCCCC(CC)COP(=O)(O)OCC(CC)CCCC,"PHOSPHORIC ACID, BIS(2-ETHYLHEXYL) ESTER",0.57588130235672
CCCCOP(=O)(O)O,"PHOSPHORIC ACID, BUTYL ESTER",2.4303011894226074
CCCCOP(=O)(O)OCCCC,"PHOSPHORIC ACID, DIBUTYL ESTER",0.44966164231300354
COP(=O)(Oc1ccccc1)Oc1ccccc1,"PHOSPHORIC ACID, METHYL DIPHENYL ESTER",2.805638074874878
CN(C)P(=O)(N(C)C)N(C)C,"PHOSPHORIC ACID, TRIAMIDE, HEXAMETHYL",0.8033865094184875
CCCCOP(=O)(OCCCC)OCCCC,"PHOSPHORIC ACID, TRIBUTYL ESTER",5.176635265350342
CCOP(=O)(OCC)OCC,"PHOSPHORIC ACID, TRIETHYL ESTER",2.338547468185425
COP(=O)(OC)OC,"PHOSPHORIC ACID, TRIMETHYL ESTER",1.7664676904678345
O=P(Oc1ccccc1)(Oc1ccccc1)Oc1ccccc1,"PHOSPHORIC ACID, TRIPHENYL ESTER",4.793613433837891
CCCCOCCOP(=O)(OCCOCCCC)OCCOCCCC,"PHOSPHORIC ACID, TRIS(2-BUTOXYETHYL) ESTER",3.467785120010376
CCCCC(CC)COP(=O)(OCC(CC)CCCC)OCC(CC)CCCC,"PHOSPHORIC ACID, TRIS(2-ETHYLHEXYL) ESTER",1.2951514720916748
Cc1ccc(OP(=O)(Oc2ccc(C)cc2C)Oc2ccc(C)cc2C)c(C)c1,"PHOSPHORIC ACID, TRIS(DIMETHYLPHENYL) ESTER",3.2153098583221436
CCCCCCOC(=O)c1ccc([N+](=O)[O-])cc1C(=O)OCCCCCC,"PHTHALIC ACID, 4-NITRO, DIHEXYL ESTER",0.3263351321220398
CCCCOC(=O)c1ccccc1C(=O)OCc1ccccc1,"PHTHALIC ACID, BENZYL BUTYL ESTER",8.106945037841797
CCCCOC(=O)COC(=O)c1ccccc1C(=O)COC(=O)OCCCC,"PHTHALIC ACID, BIS(2-BUTOXY-2-OXOETHYL) ESTER",1.559202790260315
CCCCOC(=O)c1ccccc1C(=O)OCC(CC)CCCC,"PHTHALIC ACID, BUTYL, ETHYLHEXYL ESTER",16.540170669555664
CCCCC(CC)COC(=O)c1ccccc1C(=O)OCC(CC)CCCC,"PHTHALIC ACID, DI(2-ETHYLHEXYL) ESTER",1.8755532503128052
COCCOC(=O)c1ccccc1C(=O)OCCOC,"PHTHALIC ACID, DI(2-METHOXYETHYL) ESTER",1.7334414720535278
O=C(OCCc1ccccc1)c1ccccc1C(=O)OCCc1ccccc1,"PHTHALIC ACID, DI(2-PHENYLETHYL) ESTER",4.3384575843811035
C=CCOC(=O)c1ccccc1C(=O)OCC=C,"PHTHALIC ACID, DI(2-PROPENYL) ESTER",12.08004379272461
O=C(OCCCc1ccccc1)c1ccccc1C(=O)OCCCc1ccccc1,"PHTHALIC ACID, DI(3-PHENYLPROPYL) ESTER",2.3440029621124268
CCC(C)OC(=O)c1ccccc1C(=O)OC(C)CC,"PHTHALIC ACID, DI(SEC.BUTYL) ESTER",9.37286376953125
O=C(OCc1ccccc1)c1ccccc1C(=O)OCc1ccccc1,"PHTHALIC ACID, DIBENZYL ESTER",8.182148933410645
CC1(C)C2CCC1(C)C(OC(=O)c1ccccc1C(=O)OC1CC3CCC1(C)C3(C)C)C2,"PHTHALIC ACID, DIBORNYL ESTER",0.0341561920940876
CCCCOC(=O)c1ccccc1C(=O)OCCCC,"PHTHALIC ACID, DIBUTYL ESTER",0.3922378718852997
O=C(OC1CCCCC1)c1ccccc1C(=O)OC1CCCCC1,"PHTHALIC ACID, DICYCLOHEXYL ESTER",17.786617279052734
CCCCCCCCCCOC(=O)c1ccccc1C(=O)OCCCCCCCCCC,"PHTHALIC ACID, DIDECYL ESTER",2.0353360176086426
CCOC(=O)c1ccccc1C(=O)OCC,"PHTHALIC ACID, DIETHYL ESTER",23.716232299804688
CCCCCCCOC(=O)c1ccccc1C(=O)OCCCCCCC,"PHTHALIC ACID, DIHEPTYL ESTER",0.9147384762763977
CCCCCCOC(=O)c1ccccc1C(=O)OCCCCCC,"PHTHALIC ACID, DIHEXYL ESTER",4.245914936065674
CC(C)COC(=O)c1ccccc1C(=O)OCC(C)C,"PHTHALIC ACID, DIISOBUTYL ESTER",11.043659210205078
CC(C)CCCCCCCOC(=O)c1ccccc1C(=O)OCCCCCCCC(C)C,"PHTHALIC ACID, DIISODECYL ESTER",3.037846565246582
CC(C)OC(=O)c1ccccc1C(=O)OC(C)C,"PHTHALIC ACID, DIISOPROPYL ESTER",21.7028751373291
CCCCCCCCCOC(=O)c1ccccc1C(=O)OCCCCCCCCC,"PHTHALIC ACID, DINONYL ESTER",5.568540096282959
CCCCCCCCOC(=O)c1ccccc1C(=O)OCCCCCCCC,"PHTHALIC ACID, DIOCTYL ESTER",0.47574084997177124
CCCCCOC(=O)c1ccccc1C(=O)OCCCCC,"PHTHALIC ACID, DIPENTYL ESTER",0.08964388817548752
O=C(Oc1ccccc1)c1ccccc1C(=O)Oc1ccccc1,"PHTHALIC ACID, DIPHENYL ESTER",14.442778587341309
CCCOC(=O)c1ccccc1C(=O)OCCC,"PHTHALIC ACID, DIPROPYL ESTER",2.8076722621917725
CCCCOC(=O)c1c(Cl)c(Cl)c(Cl)c(Cl)c1C(=O)OCCCC,"PHTHALIC ACID, TETRACHLORO, DIBUTYL ESTER",0.12150716036558151
CCCCCCCCCOC(=O)c1c(Cl)c(Cl)c(Cl)c(Cl)c1C(=O)OCCCCCCCCC,"PHTHALIC ACID, TETRACHLORO, DINONYL ESTER",0.15913750231266022
CCCOC(=O)c1c(Cl)c(Cl)c(C(=O)OCCC)c(Cl)c1Cl,"PHTHALIC ACID, TETRACHLORO, DIPROPYL ESTER",0.14569127559661865
CN1CCN(CCC#N)CC1,"PIPERAZINE, 1(2-CYANOETHYL), 4-METHYL",2.934605598449707
CC(=O)N1CCN(C)CC1,"PIPERAZINE, 1-ACETYL, 4-METHYL",1.823015570640564
CN1CCN(C=O)CC1,"PIPERAZINE, 1-FORMYL, 4-METHYL",3.8633620738983154
CN1CCN(N=O)CC1,"PIPERAZINE, 1-METHYL, 4-NITROSO",1.3452136516571045
CC(=O)N1CCCCC1,"PIPERIDINE, 1-ACETYL",0.4877852201461792
N#CN1CCCCC1,"PIPERIDINE, 1-CYANO",1.070317029953003
O=CN1CCCCC1,"PIPERIDINE, 1-FORMYL",3.7559900283813477
O=NN1CCCCC1,"PIPERIDINE, 1-NITROSO",1.535856008529663
O=[N+]([O-])N1CCCCC1,"PIPERIDINE, 1-NITRO",20.080059051513672
C1CCNCC1,PIPERIDINE,0.623203456401825
FCC(F)C(F)(F)F,"PROPANE, 1,1,1,2,3-PENTAFLUORO",5.179035186767578
FCC(F)(F)C(F)F,"PROPANE, 1,1,2,2,3-PENTAFLUORO",3.951395273208618
CC(Cl)CCl,"PROPANE, 1,2-DICHLORO",3.517306327819824
NCCCN,"PROPANE, 1,3-DIAMINO",12.075339317321777
CCCBr,"PROPANE, 1-BROMO",64.7560043334961
CCC[N+](=O)[O-],"PROPANE, 1-NITRO",57.329654693603516
CC(C)C,"PROPANE, 2-METHYL",20.44511604309082
CC(C)[N+](=O)[O-],"PROPANE, 2-NITRO",47.996002197265625
CCC,PROPANE,20.245485305786133
CCC(=O)OC(C)C,"PROPANOIC ACID, 1-METHYLETHYL ESTER",56.04343795776367
CC(=O)C(C)C#N,"PROPANOIC ACID, 2-ACETYL, NITRILE",6.95808219909668
CC(=O)OC(C)C#N,"PROPANOIC ACID, 2-HYDROXY, NITRILE, ACETATE",36.691375732421875
CC(C)(O)C(=O)O,"PROPANOIC ACID, 2-HYDROXY-, METHYL ESTER",0.007418425288051367
CC(O)C(=O)O,"PROPANOIC ACID, 2-HYDROXY",0.007631076034158468
CC(C)C(=O)N(C)C,"PROPANOIC ACID, 2-METHYL, AMIDE, N,N-DIMETHYL",11.4825439453125
CNC(=O)C(C)C,"PROPANOIC ACID, 2-METHYL, AMIDE, N-METHYL",19.179882049560547
N#CCCN1CC1,"PROPANOIC ACID, 3(1-AZIRIDINYL), NITRILE",3.097815990447998
N#CCCN1CCCCC1,"PROPANOIC ACID, 3(1-PIPERIDINYL), NITRILE",1.623685598373413
N#CCCN1CCCC1,"PROPANOIC ACID, 3(1-PYRROLIDINYL), NITRILE",2.740773916244507
N#CCCn1cccc1,"PROPANOIC ACID, 3(1-PYRROLYL), NITRILE",11.817529678344727
N#CCCN1CCOCC1,"PROPANOIC ACID, 3(4-MORPHOLINYL), NITRILE",3.0238630771636963
CCN(CC)CCC#N,"PROPANOIC ACID, 3(DIETHYLAMINO), NITRILE",1.63522469997406
CN(C)CCC#N,"PROPANOIC ACID, 3(DIMETHYLAMINO), NITRILE",10.526171684265137
N#CCCOCC(COCCC#N)(COCCC#N)COCCC#N,"PROPANOIC ACID, 3,3',3'',3''' (NEOPENTANETETRAYLTETRAOXY) TETRA, NITRILE",1.7476216554641724
N#CCCOCC(COCCC#N)OCCC#N,"PROPANOIC ACID, 3,3',3''-(1,2,3-PROPANETRIYLTRIOXY)TRI, NITRILE",1.4671719074249268
N#CCCOCCOCCC#N,"PROPANOIC ACID, 3,3'-(ETHYLENEDIOXY)DI, NITRILE",7.76191520690918
N#CCCNCCC#N,"PROPANOIC ACID, 3,3'-IMINODI, DINITRILE",6.100494384765625
N#CCCOCCC#N,"PROPANOIC ACID, 3,3'-OXYDI, DINITRILE",6.827637672424316
COC(=O)CCSCCC(=O)OC,"PROPANOIC ACID, 3,3'-THIODI, DIMETHYL ESTER",8.21337890625
N#CCCSCCC#N,"PROPANOIC ACID, 3,3'-THIODI, DINITRILE",0.18802975118160248
CC(CCOCCC#N)OCCC#N,"PROPANOIC ACID, 3,3'-[(1-METHYL-1,3-PROPANEDIYL)BIS(OXY)] BIS, NITRILE",3.476372241973877
N#CCCOCCOCCOCCC#N,"PROPANOIC ACID, 3,3'-[OXYBIS(ETHYLENEOXY)] DINITRILE",8.782721519470215
N#CCCOCC1COCO1,"PROPANOIC ACID, 3-(1,3-DIOXAN-5-YLOXY), NITRILE",6.384969711303711
N#CCCOCC(F)(F)C(F)F,"PROPANOIC ACID, 3-(2,2,3,3-TETRAFLUOROPROPOXY), NITRILE",4.754944801330566
Cc1ccccc1OCCC#N,"PROPANOIC ACID, 3-(2-METHYLPHENOXY), NITRILE",4.867152214050293
Cc1cccc(OCCC#N)c1,"PROPANOIC ACID, 3-(3-METHYLPHENOXY), NITRILE",4.6069817543029785
Cc1ccc(OCCC#N)cc1,"PROPANOIC ACID, 3-(4-METHYLPHENOXY), NITRILE",5.611614227294922
N#CCCNc1ccccc1,"PROPANOIC ACID, 3-(ANILINO), NITRILE",15.547215461730957
N#CCCOCc1ccccc1,"PROPANOIC ACID, 3-(BENZYLOXY), NITRILE",12.48800277709961
CCCCOCCC#N,"PROPANOIC ACID, 3-BUTOXY, NITRILE",60.28740692138672
N#CCCCl,"PROPANOIC ACID, 3-CHLORO, NITRILE",3.268461227416992
COC(=O)CCC#N,"PROPANOIC ACID, 3-CYANO, METHYL ESTER",29.970535278320312
CCOCCC#N,"PROPANOIC ACID, 3-ETHOXY, NITRILE",8.553364753723145
O=C1CCO1,"PROPANOIC ACID, 3-HYDROXY, BETA-LACTONE",8.9807710647583
COC(=O)C(C)C#N,"PROPANOIC ACID, 3-HYDROXY, NITRILE, ACETATE",38.935638427734375
N#CCCO,"PROPANOIC ACID, 3-HYDROXY, NITRILE",46.17038345336914
COCCC#N,"PROPANOIC ACID, 3-METHOXY, NITRILE",2.626338005065918
N#CCCOCC1CCCO1,"PROPANOIC ACID, 3-OXY(TETRAHYDROFURFURYL), NITRILE",12.138898849487305
CCCCCOCCC#N,"PROPANOIC ACID, 3-PENTOXY, NITRILE",96.85234832763672
N#CCCOc1ccccc1,"PROPANOIC ACID, 3-PHENOXY, NITRILE",11.999632835388184
CCCOCCC#N,"PROPANOIC ACID, 3-PROPOXY, NITRILE",62.09752655029297
N#CCCSc1ccccc1,"PROPANOIC ACID, 3-THIOPHENOXY, NITRILE",17.735475540161133
N#CCCOCC(F)(F)C(F)(F)C(F)(F)C(F)F,"PROPANOIC ACID, 3-[(2,2,3,3,4,4,5,5-OCTAFLUOROPENTYL)OXY], NITRILE",6.92702579498291
CC1(C)OCC(OCCC#N)CO1,"PROPANOIC ACID, 3-[(2,2-DIMETHYL-1,3-DIOXAN-5-YL)OXY], NITRILE",3.966203451156616
CC1OCC(OCCC#N)CO1,"PROPANOIC ACID, 3-[(2-METHYL-1,3-DIOXAN-5-YL)OXY], NITRILE",6.30443811416626
CCC(=O)N(C)C,"PROPANOIC ACID, AMIDE, N,N-DIMETHYL",7.931966781616211
CCNC(=O)CC,"PROPANOIC ACID, AMIDE, N-ETHYL",5.2467265129089355
CCC(=O)NC,"PROPANOIC ACID, AMIDE, N-METHYL",4.394194602966309
CCOC(=O)CC,"PROPANOIC ACID, ETHYL ESTER",6.702972412109375
CN1CCC1=O,"PROPANOIC ACID, LACTAM, N-METHYL",17.4290714263916
CCC#N,"PROPANOIC ACID, NITRILE",1.1176835298538208
CCC(=O)O,PROPANOIC ACID,38.744258880615234
C=C(C)C,"PROPENE, 2-METHYL",1.8878873586654663
C=CC,PROPENE,2.5100104808807373
[O-][n+]1ccccc1,"PYRIDINE, 1-OXIDE",3.109173536300659
Cc1cccc(CCO)n1,"PYRIDINE, 2(2-HYDROXYETHYL), 6-METHYL",2.776923894882202
OCCc1ccccn1,"PYRIDINE, 2(2-HYDROXYETHYL)",2.871751308441162
Nc1ccccn1,"PYRIDINE, 2-AMINO",8.481444358825684
c1ccc(Cc2ccccn2)cc1,"PYRIDINE, 2-BENZYL",7.160574436187744
CCc1cccc(C)[n+]1[O-],"PYRIDINE, 2-METHYL, 6-ETHYL, 1-OXIDE",2.7901525497436523
Cc1ccccn1,"PYRIDINE, 2-METHYL",0.6790478825569153
O=[N+]([O-])c1ccccn1,"PYRIDINE, 2-NITRO",9.022002220153809
Nc1cccnc1,"PYRIDINE, 3-AMINO",22.779098510742188
CCc1cccnc1,"PYRIDINE, 3-ETHYL",6.085820198059082
c1ccc(Cc2ccncc2)cc1,"PYRIDINE, 4-BENZYL",13.192960739135742
O=[N+]([O-])c1ccncc1,"PYRIDINE, 4-NITRO",9.27872085571289
Fc1nc(F)c(F)c(F)c1F,"PYRIDINE, PENTAFLUORO",0.3444344997406006
c1ccncc1,PYRIDINE,1.123591661453247
CC(=O)n1cccc1,"PYRROLE, 1-ACETYL",99.852783203125
CC(=O)N1CCCC1,"PYRROLIDINE, 1-ACETYL",4.626184940338135
O=NN1CCCC1,"PYRROLIDINE, 1-NITROSO",6.454052448272705
[O-][n+]1cccc2ccccc21,"QUINOLINE, 1-OXIDE",0.5387100577354431
Cc1cc(Cl)nc2ccccc12,"QUINOLINE, 2-CHLORO, 4-METHYL",11.185132026672363
Cc1ccc2ccccc2n1,"QUINOLINE, 2-METHYL",1.9694300889968872
Cc1ccnc2ccccc12,"QUINOLINE, 4-METHYL",2.4607341289520264
O=[N+]([O-])c1cccc2ncccc12,"QUINOLINE, 5-NITRO",20.775367736816406
COc1ccc2ncccc2c1,"QUINOLINE, 6-METHOXY",6.422417163848877
COc1cccc2cccnc12,"QUINOLINE, 8-METHOXY",7.409556865692139
O=[N+]([O-])c1cccc2cccnc12,"QUINOLINE, 8-NITRO",20.970355987548828
c1ccc2ncccc2c1,QUINOLINE,0.3482581675052643
CO[Si](OC)(OC)OC,"SILANE, TETRAMETHOXY",0.6486840844154358
CC(C)CCCC(C)CCCC(C)CCCCC(C)CCCC(C)CCCC(C)C,"SQUALENE, PERHYDRO",46.11646270751953
CC(C)=CCCC(C)=CCCC(C)=CCCC=C(C)CCC=C(C)CCC=C(C)C,SQUALENE,6.619534969329834
CCCCCCCC[Sn](Cl)(CCCCCCCC)CCCCCCCC,"STANNANE, CHLORIDE-, TRIOCTYL",2.386913776397705
CCCCCCCC[Sn](Cl)(Cl)CCCCCCCC,"STANNANE, DICHLORODIOCTYL",0.8677542209625244
CCCC[Sn](CCCC)(CCCC)CCCC,"STANNANE, TETRABUTYL",23.34381866455078
CCCCCCCCCCCC[Sn](CCCCCCCCCCCC)(CCCCCCCCCCCC)CCCCCCCCCCCC,"STANNANE, TETRADODECYL",0.22912655770778656
CCCCCCCC[Sn](CCCCCCCC)(CCCCCCCC)CCCCCCCC,"STANNANE, TETRAOCTYL",1.1203397512435913
CCCCC[Sn](CCCCC)(CCCCC)CCCCC,"STANNANE, TETRAPENTYL",3.5261058807373047
CCCCOC(=O)CCC(=O)OCCCC,"SUCCINIC ACID, DIBUTYL ESTER",4.505777359008789
CCOC(=O)CCC(=O)OCC,"SUCCINIC ACID, DIETHYL ESTER",188.3722381591797
CC(C)CCCCCOC(=O)CCC(=O)OCCCCCC(C)C,"SUCCINIC ACID, DIISOOCTYL ESTER",2.02360200881958
COC(=O)CCC(=O)OC,"SUCCINIC ACID, DIMETHYL ESTER",287.0862731933594
N#CCCC#N,"SUCCINIC ACID, DINITRILE",22.952314376831055
CCCCCCCCCOC(=O)CCC(=O)OCCCCCCCCC,"SUCCINIC ACID, DINONYL ESTER",1.6568058729171753
COC(=O)CC(C=O)C(=O)OC,"SUCCINIC ACID, FORMYL, DIMETHYL ESTER",8.701772689819336
OCCSCCO,"SULFIDE, DIETHYL, 2,2'-DIHYDROXY",2.401913642883301
CCSCCO,"SULFIDE, DIETHYL, 2-HYDROXY",2.138225793838501
O=[N+]([O-])c1cc(S(=O)(=O)C(F)(F)F)ccc1F,"SULFONE, 4-FLUORO-3-NITROPHENYL, TRIFLUOROMETHYL",2.4197323322296143
C=CS(=O)(=O)C=C,"SULFONE, DIETHENYL",5.828429698944092
O=S(=O)(c1ccccc1)C(F)F,"SULFONE, DIFLUOROMETHYL, PHENYL",7.112967491149902
CCS(C)(=O)=O,"SULFONE, ETHYL, METHYL",1.9931637048721313
O=S(=O)(c1ccccc1)C(F)(F)F,"SULFONE, PHENYL, TRIFLUOROMETHYL",13.562821388244629
CC1CC(C)S(=O)(=O)C1,"SULFONE, TETRAMETHYLENE, 2,4-DIMETHYL",2.26879620552063
COC1CCS(=O)(=O)C1,"SULFONE, TETRAMETHYLENE, 3-METHOXY",7.823483943939209
CC1CCS(=O)(=O)C1,"SULFONE, TETRAMETHYLENE, 3-METHYL",4.208287239074707
O=S1(=O)CCCC1,"SULFONE, TETRAMETHYLENE",12.452815055847168
CCS(=O)CC,"SULFOXIDE, DIETHYL",11.05582046508789
CS(C)=O,"SULFOXIDE, DIMETHYL",6.022222518920898
O=S(c1ccccc1)c1ccccc1,"SULFOXIDE, DIPHENYL",9.753829956054688
CCCS(=O)CCC,"SULFOXIDE, DIPROPYL",1.8442109823226929
CCS(=O)C(C)C,"SULFOXIDE, ETHYL ISOPROPYL",4.172092914581299
CCCS(=O)C(C)C,"SULFOXIDE, ISOPROPYL PROPYL",2.6945433616638184
CCCS(C)=O,"SULFOXIDE, METHYL PROPYL",4.050083637237549
O=S1CCCC1,"SULFOXIDE, TETRAMETHYLENE",3.9949376583099365
O=S=O,SULFUR DIOXIDE,1.327998399734497
CCOS(=O)(=O)OCC,"SULFURIC ACID, DIETHYL ESTER",5.977039337158203
C=CS(=O)(=O)O,"SULFUROUS ACID, ETHYLENE ESTER",0.12633877992630005
CCCCCCCCCCCCCCCCCCCCCCCCCCCCCCCCCCCCCCCC,TETRACONTANE,0.5477401614189148
CCCCCCCCCCCCCCCCCCCCCCCC,TETRACOSANE,0.3772687613964081
CCCCCCCCCCCCCCc1ccccc1,"TETRADECANE, 1-PHENYL",1.7521631717681885
CCCCCCC(C)C(C)CCCCCC,"TETRADECANE, 7,8-DIMETHYL",1.7415910959243774
CCCCCCCCCCCCCC,TETRADECANE,151.7738037109375
CCCCCCCCCCCCCC(=O)N(C)C,"TETRADECANOIC ACID, AMIDE, N,N-DIMETHYL",6.942458152770996
COCCOCCOCCOCCOC,"TETRAETHYLENE GLYCOL, DIMETHYL ETHER",32.05929183959961
OCCOCCOCCOCCO,TETRAETHYLENE GLYCOL,0.6077464818954468
c1ccc2c(c1)CCCC2,TETRALIN,11.666544914245605
CCCCCCCCCCCCCCCCCCCCCCCCCCCCCCCCCC,TETRATRIACONTANE,0.3088511526584625
Cc1csc(N)n1,"THIAZOLE, 2-AMINO, 4-METHYL",2.402045488357544
CC(=O)N1CCSC1,"THIAZOLIDINE, 3-ACETYL",7.257552146911621
CC1CCS1(=O)=O,"THIETANE, 2-METHYL, 1,1-DIOXIDE",6.497491836547852
COC(=O)CSCC(=O)OC,"THIODIGLYCOLIC ACID, DIMETHYL ESTER",3.341594696044922
CC(=O)c1cccs1,"THIOPHENE, 2-ACETYL",12.653650283813477
Cc1c([N+](=O)[O-])cc([N+](=O)[O-])cc1[N+](=O)[O-],"TOLUENE, 2,4,6-TRINITRO",18.16421890258789
Cc1ccc([N+](=O)[O-])cc1[N+](=O)[O-],"TOLUENE, 2,4-DINITRO",15.473906517028809
Cc1ccccc1N,"TOLUENE, 2-AMINO",0.3611030578613281
FC(F)(F)c1ccccc1Cl,"TOLUENE, 2-CHLORO, ALPHA, ALPHA, ALPHA-TRIFLUORO",43.28749084472656
Cc1ccccc1O,"TOLUENE, 2-HYDROXY",2.375680446624756
O=[N+]([O-])c1cc(C(F)(F)F)cc([N+](=O)[O-])c1F,"TOLUENE, 3,5-DINITRO, ALPHA, ALPHA, ALPHA, 4-TETRAFLUORO",4.5985212326049805
O=[N+]([O-])c1cc([N+](=O)[O-])cc(C(F)(F)F)c1,"TOLUENE, 3,5-DINITRO, ALPHA, ALPHA, ALPHA-TRIFLUORO",6.162409782409668
Nc1cc(C(F)(F)F)ccc1Cl,"TOLUENE, 3-AMINO, 4-CHLORO, ALPHA, ALPHA, ALPHA-TRIFLUORO",0.43501895666122437
Cc1cccc(O)c1,"TOLUENE, 3-HYDROXY",3.6559433937072754
O=[N+]([O-])c1cc(C(F)(F)F)ccc1F,"TOLUENE, 3-NITRO, ALPHA, ALPHA, ALPHA, 4-TETRAFLUORO",47.051761627197266
O=[N+]([O-])c1cccc(C(F)(F)F)c1,"TOLUENE, 3-NITRO, ALPHA, ALPHA, ALPHA-TRIFLUORO",35.519142150878906
Cc1ccc(N)cc1,"TOLUENE, 4-AMINO",0.40731531381607056
O=[N+]([O-])c1cc(C(F)(F)F)cc([N+](=O)[O-])c1Cl,"TOLUENE, 4-CHLORO, 3,5-DINITRO, ALPHA, ALPHA, ALPHA-TRIFLUORO",8.664941787719727
O=[N+]([O-])c1cc(C(F)(F)F)ccc1Cl,"TOLUENE, 4-CHLORO, 3-NITRO, ALPHA, ALPHA, ALPHA-TRIFLUORO",8.262417793273926
O=[N+]([O-])c1cc(C(F)(F)F)ccc1O,"TOLUENE, 4-HYDROXY, 3-NITRO, ALPHA, ALPHA, ALPHA-TRIFLUORO",2.6717588901519775
Cc1ccc(O)cc1,"TOLUENE, 4-HYDROXY",3.188028573989868
O=[N+]([O-])c1ccc(C(F)F)cc1,"TOLUENE, ALPHA, ALPHA-DIFLUORO, 4-NITRO",119.1811752319336
NCc1ccccc1,"TOLUENE, ALPHA-AMINO",1.4455136060714722
OCc1c(F)c(F)c(F)c(F)c1F,"TOLUENE, ALPHA-HYDROXY, 2,3,4,5,6-PENTAFLUORO",3.7601523399353027
CC(O)c1c(F)c(F)c(F)c(F)c1F,"TOLUENE, ALPHA-HYDROXY, ALPHA-METHYL, 2,3,4,5,6-PENTAFLUORO",5.608693599700928
Cc1ccccc1,TOLUENE,83.41333770751953
CCCCCCCCCCCCCCCCCCCCCCCCCCCCCC,TRIACONTANE,0.3193385899066925
CCCCCCCCCCCCC,TRIDECANE,170.59347534179688
CCCCOCCOCCOCCOCCCC,"TRIETHYLENE GLYCOL, DIBUTYL ETHER",4.3608717918396
OCCOCCOCCO,TRIETHYLENE GLYCOL,1.0553604364395142
NCCNCCNCCN,TRIETHYLENETETRAMINE,5.005781650543213
CCCCOCCCOCCCOCCCOCCCC,"TRIPROPYLENE GLYCOL, DIBUTYL ETHER",2.0723390579223633
COCCCOCCCOCCCOC,"TRIPROPYLENE GLYCOL, DIMETHYL ETHER",6.369802474975586
CCCCCCCCCCC,UNDECANE,156.61380004882812
CN(C)C(=O)N(C)C,"UREA, 1,1,3,3-TETRAMETHYL",12.055768013000488
O,WATER,58.75587844848633
O=C1CSCCO1,"1,4-OXATHIAN-2-ONE",5.370509624481201
C=C(C)CC,"1-BUTENE, 2-METHYL",30.093690872192383
O=CC1=CCCCC1,1-CYCLOHEXENE-1-CARBOXALDEHYDE,4.166285037994385
COC(=O)n1cccc1,"1-PYRROLECARBOXYLIC ACID, METHYL ESTER",68.19317626953125
OCCNCCO,"AMINE, DIETHYL-2,2'-DIHYDROXY",5.092620372772217
CCNc1ccccc1,"ANILINE, N-ETHYL",11.04804801940918
CCC1CCCCC1,"CYCLOHEXANE, ETHYL",57.738502502441406
CCC1CCCC1c1ccccc1,"CYCLOPENTANE, 1-ETHYL, 2-PHENYL",15.947962760925293
CCOC(C)(C)CC,"ETHER, ETHYL TERT.PENTYL",19.65396499633789
CC1C=CC(=O)O1,"PENTANOIC ACID, 4-HYDROXY, GAMMA-LACTONE",1.6498593091964722
Cc1cc(C)nc(C)c1,"PYRIDINE, 2,4,6-TRIMETHYL",11.429363250732422
Cc1cccc(C)n1,"PYRIDINE, 2,6-DIMETHYL",0.8986369967460632
COCCOCCOCCOC(C)(C)C,2-[2-[2-(2-methoxyethoxy)ethoxy]ethoxy]-2-methylpropane,21.69305419921875
CCCCOCCOCCOCCOCCCC(C)(C)C,"1-[2-[2-(2-butoxyethoxy)ethoxy]ethoxy]-4,4-dimethylpentane",10.408363342285156
CSSC,(methyldisulfanyl)methane,86.08352661132812
CCCCCCCCCCCCCCCCCCCCO,icosan-1-ol,0.017839163541793823
NCCCCCCCCN,"octane-1,8-diamine",2.748170852661133
NCCCCCCCCCCN,"decane-1,10-diamine",8.104020118713379
C1CCC2CCCCC2C1,"1,2,3,4,4a,5,6,7,8,8a-decahydronaphthalene",22.688312530517578
CCCCC(CC)CCC(C)(CC(CC)CCCC)C(N)=O,5-ethyl-2-(2-ethylhexyl)-2-methylnonanamide,1.5761955976486206
O=S1OCCO1,"1,3,2-dioxathiolane 2-oxide",2.851163148880005
C=CC1CCCS1(=O)=O,"2-ethenylthiolane 1,1-dioxide",2.6398065090179443
CCCCCCCCCCCCCCCC(=O)OCC(O)CO,"2,3-dihydroxypropyl hexadecanoate",0.04818649962544441
CCCCCCCCCCCCCCCC(=O)OCC(O)COC(=O)CCCCCCCCCCCCCCC,(3-hexadecanoyloxy-2-hydroxypropyl) hexadecanoate,2.859368324279785
CCCCCCCCCC(=O)O,decanoic acid,0.0031088986434042454
CCCCCCCCCCCC(=O)O,dodecanoic acid,0.00025616379571147263
CCCCCCCCCCCCCC(=O)O,tetradecanoic acid,0.00019953656010329723
CCCCCCCCC=CCCCCCCCC(=O)O,octadec-9-enoic acid,0.16943001747131348
CCCCCC=CCC=CCCCCCCCC(=O)O,"octadeca-9,12-dienoic acid",0.21397048234939575
CCC=CCC=CCC=CCCCCCCCC(=O)O,"octadeca-9,12,15-trienoic acid",1.8815009593963623
C1COCCOCCOCCOCCOCCO1,"1,4,7,10,13,16-hexaoxacyclooctadecane",17.885841369628906
O=S1(=O)CC=CC1,"2,5-dihydrothiophene 1,1-dioxide",11.515775680541992
NC1CCS(=O)(=O)C1,"1,1-dioxothiolan-3-amine",4.820476055145264
C1CCOCC1,oxane,1.1797568798065186
CCCCOCCO,2-butoxyethanol,3.3345677852630615
CCCOCCO,2-propoxyethanol,0.7957437634468079
CC(C)OCCO,2-propan-2-yloxyethanol,1.9620215892791748
CCCCCCCCCCOC1CCS(=O)(=O)C1,"3-decoxythiolane 1,1-dioxide",0.5554119348526001
O=S1(=O)CCC(O)C1,"1,1-dioxothiolan-3-ol",2.406752347946167
FC(Cl)(Cl)C(F)(Cl)Cl,"1,1,2,2-tetrachloro-1,2-difluoroethane",2138.79833984375
CCCCOC(=O)COC(=O)c1ccccc1C(=O)OCCCC,"2-O-(2-butoxy-2-oxoethyl) 1-O-butyl benzene-1,2-dicarboxylate",1.0564632415771484
CCCCCOC(C)=O,pentyl acetate,8.760473251342773
CC1=CC2CC(C1)C2(C)C,"3,6,6-trimethylbicyclo[3.1.1]hept-2-ene",28.557252883911133
N#CCCCCCCCCC#N,decanedinitrile,1.5149227380752563
CCCCCCCCCCCCCCCCCCC(F)(F)C(F)(F)C(F)(F)C(F)(F)F,"1,1,1,2,2,3,3,4,4-nonafluorodocosane",11.131997108459473
CCCCCCCCCCCCCCCCC(F)(F)C(F)(F)C(F)(F)C(F)(F)C(F)(F)C(F)(F)F,"1,1,1,2,2,3,3,4,4,5,5,6,6-tridecafluorodocosane",12.498528480529785
CCCCCCCCCCCCC(F)(F)C(F)(F)C(F)(F)C(F)(F)C(F)(F)C(F)(F)F,"1,1,1,2,2,3,3,4,4,5,5,6,6-tridecafluorooctadecane",24.708539962768555
CCCCCCCCCCCCC(F)(F)C(F)(F)C(F)(F)C(F)(F)C(F)(F)C(F)(F)C(F)(F)C(F)(F)F,"1,1,1,2,2,3,3,4,4,5,5,6,6,7,7,8,8-heptadecafluoroicosane",36.49551773071289
OCCN(CCO)CCN(CCO)CCO,2-[2-[bis(2-hydroxyethyl)amino]ethyl-(2-hydroxyethyl)amino]ethanol,1.0333092212677002
NCCNCCNCCNCCN,"N'-[2-[2-(2-aminoethylamino)ethylamino]ethyl]ethane-1,2-diamine",2.1919257640838623
N#CCCCCCCCCCCCCC#N,tetradecanedinitrile,10.946087837219238
CCCCN(CCCC)C(=O)c1ccccc1,"N,N-dibutylbenzamide",0.6223434209823608
CCOC,methoxyethane,2.5210564136505127
CC(=O)OC(C)C,propan-2-yl acetate,9.600126266479492
Cc1ccc(C)c(C)c1,"1,2,4-trimethylbenzene",116.04609680175781
CC1CCCS1(=O)=O,2-Methylsulfolane,3.991044759750366
[O-][S+]1CCCC1,Tetramethylene sulfoxide,3.781933546066284
Cc1ccc(OP(=O)(Oc2ccc(C)cc2)Oc2ccc(C)cc2)cc1,Tricresyl phosphate,2.042732000350952
